,Link,MARKET CAP (Rs Cr),P/E,BOOK VALUE (Rs),DIV (%),Market Lot,INDUSTRY P/E,EPS (TTM),P/C,PRICE/BOOK,DIV YIELD.(%),FACE VALUE (Rs),DELIVERABLES (%)
0,http://www.moneycontrol.com/india/stockpricequote/diversified/3mindia/MI42,"22,493.81",72.44,1364.33,0.00%,1,21.68,275.66,63.84,14.64,-%,10.00,"22,493.81"
1,http://www.moneycontrol.com/india/stockpricequote/computerssoftware/8kmilessoftwareservices/PMS01,"1,547.24",316.88,28.49,0.00%,1,21.88,1.60,271.12,17.80,-%,5.00,"1,547.24"
2,http://www.moneycontrol.com/india/stockpricequote/chemicals/aartiindustries/AI45,"10,081.20",31.86,200.01,20.00%,1,24.17,38.92,22.29,6.20,0.08%,5.00,"10,081.20"
3,http://www.moneycontrol.com/india/stockpricequote/oildrillingandexploration/abanoffshore/AO04,671.49,78.27,701.88,0.00%,1,11.12,1.47,3.96,0.16,-%,2.00,671.49
4,http://www.moneycontrol.com/india/stockpricequote/infrastructuregeneral/abbindia/ABB,"25,235.11",58.35,170.21,200.00%,1,46.50,20.41,42.74,7.00,0.34%,2.00,"25,235.11"
5,http://www.moneycontrol.com/india/stockpricequote/pharmaceuticals/abbottindia/AI51,"15,947.39",39.74,841.52,400.00%,1,29.29,188.83,38.20,8.92,0.53%,10.00,"15,947.39"
6,http://www.moneycontrol.com/india/stockpricequote/cementmajor/acc/ACC06,"25,548.46",26.92,498.72,260.00%,1,35.54,50.54,16.08,2.73,1.91%,10.00,"25,548.46"
7,http://www.moneycontrol.com/india/stockpricequote/trading/adanienterprises/AE13,"14,374.52",73.02,36.04,40.00%,1,46.61,1.79,50.46,3.63,0.31%,1.00,"14,374.52"
8,http://www.moneycontrol.com/india/stockpricequote/infrastructuregeneral/adaniportsspecialeconomiczone/MPS,"75,682.93",30.28,93.06,65.00%,1,37.84,12.07,25.48,3.93,0.36%,2.00,"75,682.93"
9,http://www.moneycontrol.com/india/stockpricequote/powergenerationdistribution/adanipower/AP11,"6,614.65",-,12.06,0.00%,1,11.32,-,7.90,1.42,-%,10.00,"6,614.65"
10,http://www.moneycontrol.com/india/stockpricequote/powertransmissionequipment/adanitransmission/AT22,"17,899.41",-,19.06,0.00%,1,14.04,-,-,8.54,-%,10.00,"17,899.41"
11,http://www.moneycontrol.com/india/stockpricequote/retail/adityabirlafashionretail/PFR,"10,966.18",92.88,12.43,0.00%,1,70.62,1.53,27.49,11.43,-%,10.00,"10,966.18"
12,http://www.moneycontrol.com/india/stockpricequote/pharmaceuticals/advancedenzymetechnologies/AET,"2,411.61",67.29,26.06,20.00%,1,24.88,3.21,55.24,8.29,0.19%,2.00,"2,411.61"
13,http://www.moneycontrol.com/india/stockpricequote/transportlogistics/aegislogistics/AL9,"6,963.90",69.04,16.74,105.00%,1,41.99,3.02,58.57,12.46,0.50%,1.00,"6,963.90"
14,http://www.moneycontrol.com/india/stockpricequote/castingsforgings/aiaengineering/AIE01,"14,232.94",30.29,306.61,400.00%,1,27.25,49.82,26.64,4.92,0.53%,2.00,"14,232.94"
15,http://www.moneycontrol.com/india/stockpricequote/pharmaceuticals/ajantapharma/AP22,"8,929.17",20.89,219.44,0.00%,1,29.29,48.57,18.42,4.62,-%,2.00,"8,929.17"
16,http://www.moneycontrol.com/india/stockpricequote/paintsvarnishes/akzonobelindia/ICI,"8,685.82",21.69,301.80,220.00%,1,55.61,85.84,18.93,6.17,1.18%,10.00,"8,685.82"
17,http://www.moneycontrol.com/india/stockpricequote/pharmaceuticals/alembicpharmaceuticals/AP35,"9,738.73",23.07,121.44,200.00%,1,29.29,22.39,18.60,4.25,0.77%,2.00,"9,738.73"
18,http://www.moneycontrol.com/india/stockpricequote/pharmaceuticals/alkemlaboratories/AL05,"23,319.96",32.58,427.26,300.00%,1,29.29,59.87,28.32,4.56,0.31%,2.00,"23,319.96"
19,http://www.moneycontrol.com/india/stockpricequote/bankspublicsector/allahabadbank/AB15,"4,377.33",-,75.11,0.00%,1,11.90,-,-,0.55,-%,10.00,"4,377.33"
20,http://www.moneycontrol.com/india/stockpricequote/transportlogistics/allcargologistics/AGL02,"2,625.26",91.32,55.81,100.00%,1,41.99,1.17,20.12,1.91,1.87%,2.00,"2,625.26"
21,http://www.moneycontrol.com/india/stockpricequote/autoancillaries/amararajabatteries/ARB,"12,783.61",27.13,179.40,425.00%,1,29.92,27.59,18.22,4.17,0.57%,1.00,"12,783.61"
22,http://www.moneycontrol.com/india/stockpricequote/cementmajor/ambujacements/AC18,"42,204.89",33.11,100.59,180.00%,1,35.54,6.42,22.83,2.11,1.69%,2.00,"42,204.89"
23,http://www.moneycontrol.com/india/stockpricequote/bankspublicsector/andhrabank/AB14,"3,986.12",-,90.24,0.00%,1,11.90,-,-,0.37,-%,10.00,"3,986.12"
24,http://www.moneycontrol.com/india/stockpricequote/electricequipment/aparindustries/AI40,"2,642.45",18.34,285.38,100.00%,1,16.17,37.65,13.64,2.42,1.45%,10.00,"2,642.45"
25,http://www.moneycontrol.com/india/stockpricequote/steeltubespipes/aplapollotubes/BT09,"4,105.73",39.04,213.34,120.00%,1,18.02,44.32,27.52,8.11,0.69%,10.00,"4,105.73"
26,http://www.moneycontrol.com/india/stockpricequote/hospitalsmedicalservices/apollohospitalsenterprises/AHE,"14,205.37",60.92,274.01,120.00%,1,50.52,16.76,28.12,3.73,0.59%,5.00,"14,205.37"
27,http://www.moneycontrol.com/india/stockpricequote/tyres/apollotyres/AT14,"15,265.15",24.53,104.18,300.00%,1,26.65,10.88,15.47,2.56,1.12%,1.00,"15,265.15"
28,http://www.moneycontrol.com/india/stockpricequote/textilesdenim/arvind/A18,"10,493.39",43.03,135.03,24.00%,1,35.53,9.43,23.19,3.00,0.59%,10.00,"10,493.39"
29,http://www.moneycontrol.com/india/stockpricequote/glassglassproducts/asahiindiaglass/AIG01,"8,088.82",43.67,28.21,100.00%,1,40.73,7.62,29.19,11.80,0.30%,1.00,"8,088.82"
30,http://www.moneycontrol.com/india/stockpricequote/autolcvshcvs/ashokleyland/AL,"38,978.49",24.96,26.23,156.00%,1,36.01,5.32,18.42,5.06,1.17%,1.00,"38,978.49"
31,http://www.moneycontrol.com/india/stockpricequote/constructioncontractingcivil/ashokabuildcon/AB,"4,264.19",16.92,112.28,32.00%,1,29.27,13.47,13.97,2.03,0.70%,5.00,"4,264.19"
32,http://www.moneycontrol.com/india/stockpricequote/paintsvarnishes/asianpaints/AP31,"121,952.41",64.34,81.30,870.00%,1,55.61,19.76,55.28,15.64,0.68%,1.00,"121,952.41"
33,http://www.moneycontrol.com/india/stockpricequote/telecommunicationsequipment/astramicrowaveproducts/AMP01,886.04,14.59,59.44,50.00%,1,28.26,7.01,10.10,1.72,0.98%,2.00,886.04
34,http://www.moneycontrol.com/india/stockpricequote/plastics/astralpolytechnik/APT02,"12,360.22",103.81,69.71,50.00%,1,84.26,9.94,74.61,14.80,0.05%,1.00,"12,360.22"
35,http://www.moneycontrol.com/india/stockpricequote/pharmaceuticals/astrazenecapharma/AZP,"3,581.25",137.48,82.55,0.00%,1,29.29,10.42,87.78,17.35,-%,2.00,"3,581.25"
36,http://www.moneycontrol.com/india/stockpricequote/dyespigments/atul/A06,"7,898.18",29.21,738.73,100.00%,1,22.10,91.16,21.05,3.60,0.38%,10.00,"7,898.18"
37,http://www.moneycontrol.com/india/stockpricequote/pharmaceuticals/aurobindopharma/AP,"35,573.38",19.62,174.92,250.00%,1,29.29,30.94,16.41,3.47,0.41%,1.00,"35,573.38"
38,http://www.moneycontrol.com/india/stockpricequote/aquaculture/avantifeeds/AF21,"8,208.80",6.59,217.40,450.00%,1,24.17,91.37,6.37,2.77,1.49%,2.00,"8,208.80"
39,http://www.moneycontrol.com/india/stockpricequote/retail/avenuesupermarts/AS19,"91,384.69",116.49,74.06,0.00%,1,145.93,12.57,97.30,19.77,-%,10.00,"91,384.69"
40,http://www.moneycontrol.com/india/stockpricequote/banksprivatesector/axisbank/AB16,"132,094.59",480.75,217.28,0.00%,1,32.82,1.07,156.35,2.37,-%,2.00,"132,094.59"
41,http://www.moneycontrol.com/india/stockpricequote/auto23wheelers/bajajauto/BA10,"81,288.98",19.98,729.25,550.00%,1,21.74,140.59,18.55,3.85,1.96%,10.00,"81,288.98"
42,http://www.moneycontrol.com/india/stockpricequote/personalcare/bajajcorp/BC02,"5,839.53",27.01,48.68,1150.00%,1,65.60,14.66,26.17,8.13,2.90%,1.00,"5,839.53"
43,http://www.moneycontrol.com/india/stockpricequote/domesticappliances/bajajelectricals/BE,"5,437.00",64.99,93.53,140.00%,1,48.54,8.19,46.25,5.69,0.53%,2.00,"5,437.00"
44,http://www.moneycontrol.com/india/stockpricequote/financeleasinghirepurchase/bajajfinance/BAF,"136,978.51",51.76,285.81,200.00%,1,36.39,45.79,49.83,8.29,0.17%,2.00,"136,978.51"
45,http://www.moneycontrol.com/india/stockpricequote/financeinvestments/bajajfinserv/BF04,"97,132.88",687.36,182.70,35.00%,1,36.39,8.88,680.47,33.41,0.03%,5.00,"97,132.88"
46,http://www.moneycontrol.com/india/stockpricequote/sugar/bajajhindusthan/BH06,782.16,-,31.08,0.00%,1,9.53,-,-,0.22,-%,1.00,782.16
47,http://www.moneycontrol.com/india/stockpricequote/financeinvestments/bajajholdingsinvestment/BHI,"34,262.82",26.08,777.20,325.00%,1,36.39,118.03,25.98,3.96,1.06%,10.00,"34,262.82"
48,http://www.moneycontrol.com/india/stockpricequote/tyres/balkrishnaindustries/BI03,"20,685.91",27.98,183.56,400.00%,1,26.65,38.24,19.69,5.83,0.75%,2.00,"20,685.91"
49,http://www.moneycontrol.com/india/stockpricequote/diversified/balmerlawriecompany/BLC,"2,393.48",12.95,118.49,70.00%,1,21.68,16.21,11.32,1.77,3.33%,10.00,"2,393.48"
50,http://www.moneycontrol.com/india/stockpricequote/sugar/balrampurchinimills/BCM,"1,525.90",6.90,77.12,350.00%,1,9.53,9.68,4.82,0.87,5.24%,1.00,"1,525.90"
51,http://www.moneycontrol.com/india/stockpricequote/bankspublicsector/bankofbaroda/BOB,"31,270.00",-,164.03,0.00%,1,11.90,-,-,0.72,-%,2.00,"31,270.00"
52,http://www.moneycontrol.com/india/stockpricequote/bankspublicsector/bankofindia/BOI,"16,052.83",-,145.78,0.00%,1,11.90,-,-,0.63,-%,10.00,"16,052.83"
53,http://www.moneycontrol.com/india/stockpricequote/bankspublicsector/bankmaharashtra/BM05,"3,341.61",-,38.27,0.00%,1,11.90,-,-,0.34,-%,10.00,"3,341.61"
54,http://www.moneycontrol.com/india/stockpricequote/chemicals/basfindia/BAS,"8,483.99",34.42,311.59,10.00%,1,24.17,56.95,21.22,6.29,0.05%,10.00,"8,483.99"
55,http://www.moneycontrol.com/india/stockpricequote/leatherproducts/bataindia/BI01,"10,822.66",48.39,120.51,70.00%,1,41.69,17.40,38.10,6.99,0.42%,5.00,"10,822.66"
56,http://www.moneycontrol.com/india/stockpricequote/pesticidesagrochemicals/bayercropscience/BC12,"15,859.54",52.85,686.13,170.00%,1,37.28,87.41,47.60,6.73,0.37%,10.00,"15,859.54"
57,http://www.moneycontrol.com/india/stockpricequote/infrastructuregeneral/beml/BEM03,"3,614.95",27.93,554.91,80.00%,1,22.07,31.08,18.66,1.56,0.92%,10.00,"3,614.95"
58,http://www.moneycontrol.com/india/stockpricequote/paintsvarnishes/bergerpaintsindia/BPI02,"27,718.09",63.15,24.24,175.00%,1,55.61,4.52,50.34,11.78,0.61%,1.00,"27,718.09"
59,http://www.moneycontrol.com/india/stockpricequote/powergenerationdistribution/bfutilities/BFU,"1,233.61",77.98,26.70,0.00%,1,11.32,4.20,62.74,12.27,-%,5.00,"1,233.61"
60,http://www.moneycontrol.com/india/stockpricequote/electricals/bharatelectronics/BE03,"26,068.67",18.61,30.56,225.00%,1,19.69,5.70,15.79,3.47,2.12%,1.00,"26,068.67"
61,http://www.moneycontrol.com/india/stockpricequote/financegeneral/bharatfinancialinclusion/SM11,"16,731.10",36.73,175.59,0.00%,1,36.39,32.67,35.69,6.83,-%,10.00,"16,731.10"
62,http://www.moneycontrol.com/india/stockpricequote/castingsforgings/bharatforge/BF03,"28,321.76",40.05,90.89,475.00%,1,44.18,15.19,27.93,6.69,1.56%,2.00,"28,321.76"
63,http://www.moneycontrol.com/india/stockpricequote/telecommunicationsservice/bhartiairtel/BA08,"152,001.14","1,901.25",253.38,20.00%,1,338.81,0.20,11.58,1.50,0.26%,5.00,"152,001.14"
64,http://www.moneycontrol.com/india/stockpricequote/telecommunicationsequipment/bhartiinfratel/BI14,"54,073.30",22.40,100.84,160.00%,1,22.02,13.05,15.05,2.90,5.47%,10.00,"54,073.30"
65,http://www.moneycontrol.com/india/stockpricequote/infrastructuregeneral/bharatheavyelectricals/BHE,"26,893.01",33.30,87.96,79.00%,1,22.07,2.20,16.88,0.83,2.16%,2.00,"26,893.01"
66,http://www.moneycontrol.com/india/stockpricequote/pharmaceuticals/biocon/BL03,"38,130.00",159.67,60.12,20.00%,1,29.29,3.98,101.84,10.57,0.16%,5.00,"38,130.00"
67,http://www.moneycontrol.com/india/stockpricequote/cementmajor/birlacorporation/BC07,"5,760.00",50.03,427.15,65.00%,1,35.54,14.95,22.05,1.75,0.87%,10.00,"5,760.00"
68,http://www.moneycontrol.com/india/stockpricequote/pharmaceuticals/blissgvspharma/BGV,"1,825.18",32.00,53.16,60.00%,1,29.29,5.53,29.10,3.33,0.34%,1.00,"1,825.18"
69,http://www.moneycontrol.com/india/stockpricequote/couriers/bluedartexpress/BDE,"8,542.17",60.11,279.75,150.00%,1,53.40,59.89,45.66,12.87,0.42%,10.00,"8,542.17"
70,http://www.moneycontrol.com/india/stockpricequote/consumergoodswhitegoods/bluestar/BS,"6,166.15",43.45,95.45,375.00%,1,19.89,14.76,30.45,6.72,1.17%,2.00,"6,166.15"
71,http://www.moneycontrol.com/india/stockpricequote/plantationsteacoffee/bombayburmahtradingcorporation/BBT,"10,264.14",-,43.18,50.00%,1,30.94,-,-,34.07,0.07%,2.00,"10,264.14"
72,http://www.moneycontrol.com/india/stockpricequote/textilesprocessing/bombaydyeingmanufacturingcompany/BDM,"4,544.80",131.77,21.20,35.00%,1,50.74,1.67,70.76,10.38,0.32%,2.00,"4,544.80"
73,http://www.moneycontrol.com/india/stockpricequote/autoancillaries/bosch/B05,"53,945.41",39.35,3332.27,1650.00%,1,35.18,449.12,29.35,5.30,0.93%,10.00,"53,945.41"
74,http://www.moneycontrol.com/india/stockpricequote/refineries/bharatpetroleumcorporation/BPC,"90,240.91",11.39,137.83,310.00%,1,8.20,36.51,8.54,3.02,7.45%,10.00,"90,240.91"
75,http://www.moneycontrol.com/india/stockpricequote/foodprocessing/britanniaindustries/BI,"72,462.90",76.45,294.01,1100.00%,1,64.19,78.95,67.87,20.53,0.36%,2.00,"72,462.90"
76,http://www.moneycontrol.com/india/stockpricequote/pharmaceuticals/cadilahealthcare/CHC,"41,149.33",37.71,75.30,320.00%,1,29.29,10.66,29.73,5.34,0.80%,1.00,"41,149.33"
77,http://www.moneycontrol.com/india/stockpricequote/financehousing/canfinhomes/CFH,"4,830.25",16.01,80.83,100.00%,1,24.07,22.66,15.85,4.49,0.55%,2.00,"4,830.25"
78,http://www.moneycontrol.com/india/stockpricequote/bankspublicsector/canarabank/CB06,"18,569.42",-,330.40,10.00%,1,11.90,-,-,0.77,0.39%,10.00,"18,569.42"
79,http://www.moneycontrol.com/india/stockpricequote/financegeneral/capitalfirst/FCH,"5,482.32",16.77,257.66,28.00%,1,36.39,33.04,15.45,2.15,0.51%,10.00,"5,482.32"
80,http://www.moneycontrol.com/india/stockpricequote/pharmaceuticals/caplinpointlaboratories/CPL,"3,213.15",31.41,39.43,75.00%,1,29.29,13.53,26.50,10.78,0.35%,2.00,"3,213.15"
81,http://www.moneycontrol.com/india/stockpricequote/abrasives/carborundumuniversal/CU,"6,212.04",43.30,63.41,175.00%,1,39.97,7.59,28.58,5.18,0.53%,1.00,"6,212.04"
82,http://www.moneycontrol.com/india/stockpricequote/miscellaneous/creditanalysisresearch/CAR,"3,609.00",22.41,224.04,280.00%,1,48.41,54.66,22.01,5.47,2.29%,10.00,"3,609.00"
83,http://www.moneycontrol.com/india/stockpricequote/lubricants/castrolindia/CI01,"16,716.17",24.07,10.31,140.00%,1,25.93,7.02,22.59,16.39,4.14%,5.00,"16,716.17"
84,http://www.moneycontrol.com/india/stockpricequote/plantationsteacoffee/cclproductsindia/CC10,"3,527.90",36.08,44.70,125.00%,1,30.94,7.35,32.38,5.93,0.94%,2.00,"3,527.90"
85,http://www.moneycontrol.com/india/stockpricequote/tyres/ceat/C07,"5,298.96",18.96,639.03,115.00%,1,26.65,69.09,12.01,2.05,0.88%,10.00,"5,298.96"
86,http://www.moneycontrol.com/india/stockpricequote/bankspublicsector/centralbankindia/CBO01,"18,340.18",-,68.70,0.00%,1,11.90,-,-,1.02,-%,10.00,"18,340.18"
87,http://www.moneycontrol.com/india/stockpricequote/diversified/centurytextilesindustries/CTI,"10,066.01",27.09,255.47,55.00%,1,21.68,33.27,14.69,3.53,0.61%,10.00,"10,066.01"
88,http://www.moneycontrol.com/india/stockpricequote/miscellaneous/centuryplyboards/CP9,"5,786.81",36.94,31.84,100.00%,1,38.28,7.04,24.35,8.17,0.38%,1.00,"5,786.81"
89,http://www.moneycontrol.com/india/stockpricequote/ceramicsgranite/cerasanitaryware/CS18,"3,667.66",36.59,478.75,240.00%,1,24.23,77.08,29.91,5.89,0.43%,5.00,"3,667.66"
90,http://www.moneycontrol.com/india/stockpricequote/powergenerationdistribution/cesc/CES,"12,704.27",14.59,1070.79,100.00%,1,11.32,65.71,9.74,0.90,1.04%,10.00,"12,704.27"
91,http://www.moneycontrol.com/india/stockpricequote/electricals/cromptongreavesconsumerelectrical/CGC01,"13,946.54",43.04,13.77,0.00%,1,46.50,5.17,41.43,16.16,-%,2.00,"13,946.54"
92,http://www.moneycontrol.com/india/stockpricequote/electricequipment/cgpowerindustrialsolutions/CG,"3,428.30",-,61.82,0.00%,1,46.50,-,-,0.88,-%,2.00,"3,428.30"
93,http://www.moneycontrol.com/india/stockpricequote/fertilisers/chambalfertiliserschemicals/CFC,"6,638.52",13.82,72.45,19.00%,1,14.11,11.54,12.22,2.20,1.19%,10.00,"6,638.52"
94,http://www.moneycontrol.com/india/stockpricequote/refineries/chennaipetroleumcorporation/CPC02,"4,579.03",5.02,283.84,210.00%,1,8.20,61.31,3.65,1.08,6.83%,10.00,"4,579.03"
95,http://www.moneycontrol.com/india/stockpricequote/financeleasinghirepurchase/cholamandalaminvestmentfinancecompany/CDB,"24,950.85",25.61,338.17,55.00%,1,36.39,62.31,24.37,4.72,0.34%,10.00,"24,950.85"
96,http://www.moneycontrol.com/india/stockpricequote/pharmaceuticals/cipla/C,"48,210.82",32.83,177.21,100.00%,1,29.29,18.24,24.12,3.38,0.33%,2.00,"48,210.82"
97,http://www.moneycontrol.com/india/stockpricequote/banksprivatesector/cityunionbank/CUB,"12,309.02",20.79,53.44,30.00%,1,32.82,8.90,20.79,3.46,0.16%,1.00,"12,309.02"
98,http://www.moneycontrol.com/india/stockpricequote/miningminerals/coalindia/CI11,"164,123.90",17.66,37.40,199.00%,1,14.03,14.97,17.63,7.07,7.53%,10.00,"164,123.90"
99,http://www.moneycontrol.com/india/stockpricequote/foodprocessing/coffeedayenterprises/CDE,"6,009.06",-,82.96,0.00%,1,46.61,-,-,3.43,-%,10.00,"6,009.06"
100,http://www.moneycontrol.com/india/stockpricequote/personalcare/colgatepalmoliveindia/CPI,"32,260.22",47.90,71.59,1000.00%,1,65.60,24.76,38.88,16.57,0.84%,1.00,"32,260.22"
101,http://www.moneycontrol.com/india/stockpricequote/transportlogistics/containercorporationindia/CCI,"30,411.10",14.50,332.59,171.00%,1,24.06,43.04,10.55,1.88,2.74%,10.00,"30,411.10"
102,http://www.moneycontrol.com/india/stockpricequote/fertilisers/coromandelinternational/CI45,"11,741.88",17.81,118.72,500.00%,1,14.11,22.55,15.52,3.38,1.25%,1.00,"11,741.88"
103,http://www.moneycontrol.com/india/stockpricequote/bankspublicsector/corporationbank/CB,"4,413.70",-,61.14,0.00%,1,11.90,-,-,0.43,-%,2.00,"4,413.70"
104,http://www.moneycontrol.com/india/stockpricequote/miscellaneous/coxkings/CK,"3,630.17",20.62,171.74,20.00%,1,21.39,9.97,17.54,1.20,0.49%,5.00,"3,630.17"
105,http://www.moneycontrol.com/india/stockpricequote/miscellaneous/crisil/CRI,"12,781.64",53.68,113.04,2800.00%,1,48.41,33.16,47.94,15.75,1.57%,1.00,"12,781.64"
106,http://www.moneycontrol.com/india/stockpricequote/engines/cumminsindia/CI02,"18,378.36",25.94,160.56,700.00%,1,24.55,25.56,22.91,4.13,2.11%,2.00,"18,378.36"
107,http://www.moneycontrol.com/india/stockpricequote/computerssoftware/cyient/IE07,"8,118.04",20.20,202.30,210.00%,1,21.88,35.59,17.93,3.55,1.46%,5.00,"8,118.04"
108,http://www.moneycontrol.com/india/stockpricequote/personalcare/daburindia/DI,"68,133.65",63.55,26.78,225.00%,1,65.60,6.07,58.01,14.40,0.58%,1.00,"68,133.65"
109,http://www.moneycontrol.com/india/stockpricequote/cementmajor/dalmiabharat/DBE,"21,056.67",234.78,166.20,0.00%,1,85.93,10.06,221.35,14.21,-%,2.00,"21,056.67"
110,http://www.moneycontrol.com/india/stockpricequote/mediaentertainment/dbcorp/C13,"4,573.98",14.10,86.87,40.00%,1,15.02,17.63,10.98,2.86,1.61%,10.00,"4,573.98"
111,http://www.moneycontrol.com/india/stockpricequote/banksprivatesector/dcbbank/DCB01,"5,367.50",21.89,82.87,7.50%,1,32.82,7.95,17.98,2.10,0.43%,10.00,"5,367.50"
112,http://www.moneycontrol.com/india/stockpricequote/diversified/dcmshriram/DCM02,"4,523.29",6.57,198.77,290.00%,1,21.68,42.39,5.47,1.40,2.08%,2.00,"4,523.29"
113,http://www.moneycontrol.com/india/stockpricequote/fertilisers/deepakfertilizerspetrochemicalscoprn/DFP,"2,302.15",21.46,208.90,60.00%,1,14.11,12.16,14.60,1.25,2.30%,10.00,"2,302.15"
114,http://www.moneycontrol.com/india/stockpricequote/constructioncontractingrealestate/deltacorp/DC11,"6,252.08",59.74,39.69,35.00%,1,37.84,3.91,52.49,5.89,0.15%,1.00,"6,252.08"
115,http://www.moneycontrol.com/india/stockpricequote/mediaentertainment/dennetworks/DN02,"1,719.89",-,47.48,0.00%,1,33.99,-,16.42,1.85,-%,10.00,"1,719.89"
116,http://www.moneycontrol.com/india/stockpricequote/bankspublicsector/denabank/DB,"3,591.88",-,40.74,0.00%,1,11.90,-,-,0.39,-%,10.00,"3,591.88"
117,http://www.moneycontrol.com/india/stockpricequote/financehousing/dewanhousingfinancecorporation/DHF,"20,223.15",17.25,280.42,55.00%,1,24.07,37.37,16.86,2.30,0.85%,10.00,"20,223.15"
118,http://www.moneycontrol.com/india/stockpricequote/pesticidesagrochemicals/dhanukaagritech/DA01,"2,758.20",21.86,131.63,30.00%,1,37.28,25.71,19.65,4.27,0.11%,2.00,"2,758.20"
119,http://www.moneycontrol.com/india/stockpricequote/constructioncontractingcivil/dilipbuildcon/DB04,"10,585.98",17.07,180.83,10.00%,1,29.27,45.35,11.82,4.28,0.13%,10.00,"10,585.98"
120,http://www.moneycontrol.com/india/stockpricequote/mediaentertainment/dishtvindia/DTV,"13,220.32",-,2.09,0.00%,1,33.99,-,-,34.35,-%,1.00,"13,220.32"
121,http://www.moneycontrol.com/india/stockpricequote/pharmaceuticals/divislaboratories/DL03,"27,559.62",31.69,236.51,500.00%,1,29.29,32.76,27.23,4.39,0.96%,2.00,"27,559.62"
122,http://www.moneycontrol.com/india/stockpricequote/constructioncontractingrealestate/dlf/D04,"34,968.07",95.61,84.46,100.00%,1,29.27,2.05,70.25,2.32,1.02%,2.00,"34,968.07"
123,http://www.moneycontrol.com/india/stockpricequote/pharmaceuticals/drlalpathlabs/DLP01,"7,817.44",46.53,95.18,30.00%,1,50.52,20.16,39.28,9.86,0.32%,10.00,"7,817.44"
124,http://www.moneycontrol.com/india/stockpricequote/pharmaceuticals/drreddyslaboratories/DRL,"37,514.10",66.17,698.95,400.00%,1,29.29,34.16,27.97,3.23,0.88%,5.00,"37,514.10"
125,http://www.moneycontrol.com/india/stockpricequote/computerssoftwaremediumsmall/eclerxservices/eS06,"5,072.19",18.24,356.28,10.00%,1,22.32,72.00,16.48,3.69,0.08%,10.00,"5,072.19"
126,http://www.moneycontrol.com/india/stockpricequote/financegeneral/edelweissfinancialservices/EC01,"27,172.67",191.04,18.67,130.00%,1,36.39,1.54,185.03,15.76,0.44%,1.00,"27,172.67"
127,http://www.moneycontrol.com/india/stockpricequote/autolcvshcvs/eichermotors/EM,"79,226.43",46.25,2067.67,1000.00%,1,36.01,628.46,40.94,14.06,0.34%,10.00,"79,226.43"
128,http://www.moneycontrol.com/india/stockpricequote/sugar/eidparryindia/EID,"3,654.95",36.16,89.19,400.00%,1,9.53,5.71,17.08,2.32,1.94%,1.00,"3,654.95"
129,http://www.moneycontrol.com/india/stockpricequote/hotels/eih/EIH,"9,202.27",82.14,46.74,45.00%,1,65.69,1.96,41.60,3.44,0.56%,2.00,"9,202.27"
130,http://www.moneycontrol.com/india/stockpricequote/compressors/elgiequipments/EE01,"4,144.38",53.93,38.98,100.00%,1,31.55,4.85,36.58,6.71,0.38%,1.00,"4,144.38"
131,http://www.moneycontrol.com/india/stockpricequote/personalcare/emami/E06,"22,923.73",74.05,44.55,700.00%,1,65.60,6.82,37.30,11.34,1.39%,1.00,"22,923.73"
132,http://www.moneycontrol.com/india/stockpricequote/auto23wheelers/endurancetechnologies/ET01,"17,385.93",64.01,130.43,25.00%,1,38.19,19.31,39.40,9.48,0.20%,10.00,"17,385.93"
133,http://www.moneycontrol.com/india/stockpricequote/infrastructuregeneral/engineersindia/EI14,"8,056.87",21.32,49.58,60.00%,1,27.68,5.98,20.05,2.57,2.35%,5.00,"8,056.87"
134,http://www.moneycontrol.com/india/stockpricequote/mediaentertainment/entertainmentnetworkindia/ENI,"3,317.86",94.31,186.66,10.00%,1,33.99,7.38,33.64,3.73,0.14%,10.00,"3,317.86"
135,http://www.moneycontrol.com/india/stockpricequote/financegeneral/equitasholdings/EH03,"4,779.54",876.88,49.41,0.00%,1,36.39,0.16,779.44,2.84,-%,10.00,"4,779.54"
136,http://www.moneycontrol.com/india/stockpricequote/mediaentertainment/erosinternationalmedia/EIM,"1,194.06",15.50,142.12,0.00%,1,33.99,8.10,14.36,0.88,-%,10.00,"1,194.06"
137,http://www.moneycontrol.com/india/stockpricequote/autotractors/escorts/E,"10,807.60",31.35,190.56,15.00%,1,27.80,28.12,25.90,4.63,0.17%,10.00,"10,807.60"
138,http://www.moneycontrol.com/india/stockpricequote/packaging/esselpropack/EP11,"3,773.93",46.53,20.83,120.00%,1,22.73,2.58,25.17,5.76,2.00%,2.00,"3,773.93"
139,http://www.moneycontrol.com/india/stockpricequote/drycells/evereadyindustriesindia/EII02,"1,686.34",30.81,47.36,20.00%,1,20.01,7.53,22.79,4.90,0.43%,5.00,"1,686.34"
140,http://www.moneycontrol.com/india/stockpricequote/autoancillaries/exideindustries/EI,"21,377.50",32.00,66.26,240.00%,1,29.92,7.86,23.37,3.80,0.95%,1.00,"21,377.50"
141,http://www.moneycontrol.com/india/stockpricequote/pharmaceuticals/fdc/FDC,"3,842.10",22.83,82.09,225.00%,1,29.29,9.65,18.89,2.68,1.02%,1.00,"3,842.10"
142,http://www.moneycontrol.com/india/stockpricequote/banksprivatesector/federalbank/FB,"16,493.39",18.78,45.47,45.00%,1,32.82,4.44,18.78,1.83,1.08%,2.00,"16,493.39"
143,http://www.moneycontrol.com/india/stockpricequote/cablestelephone/finolexcables/FC01,"9,002.01",25.13,146.18,150.00%,1,28.92,23.42,22.40,4.03,0.51%,2.00,"9,002.01"
144,http://www.moneycontrol.com/india/stockpricequote/petrochemicals/finolexindustries/FI,"7,334.04",24.56,208.71,115.00%,1,26.00,24.06,20.42,2.83,1.95%,10.00,"7,334.04"
145,http://www.moneycontrol.com/india/stockpricequote/computerssoftwaremediumsmall/firstsourcesolutions/FS07,"4,935.94",25.70,29.15,0.00%,1,22.32,2.79,23.13,2.46,-%,10.00,"4,935.94"
146,http://www.moneycontrol.com/india/stockpricequote/autolcvshcvs/forcemotors/FM01,"3,429.78",23.34,1375.47,100.00%,1,36.01,111.53,12.42,1.89,0.38%,10.00,"3,429.78"
147,http://www.moneycontrol.com/india/stockpricequote/hospitalsmedicalservices/fortishealthcare/FH,"6,965.57",-,82.38,0.00%,1,50.52,-,279.79,1.63,-%,10.00,"6,965.57"
148,http://www.moneycontrol.com/india/stockpricequote/foodprocessing/futureconsumer/FVI,"9,596.87",295.00,6.78,0.00%,1,37.84,0.17,167.17,7.40,-%,6.00,"9,596.87"
149,http://www.moneycontrol.com/india/stockpricequote/retail/futurelifestylefashions/FLF01,"8,141.61",73.71,91.76,40.00%,1,74.79,5.68,31.34,4.56,0.19%,2.00,"8,141.61"
150,http://www.moneycontrol.com/india/stockpricequote/retail/futureretail/FR,"26,760.85","1,298.90",51.17,0.00%,1,145.93,0.41,362.28,10.41,-%,2.00,"26,760.85"
151,http://www.moneycontrol.com/india/stockpricequote/oildrillingandexploration/gailindia/GAI,"76,897.92",16.65,169.17,112.00%,1,11.12,20.48,12.74,2.02,3.28%,10.00,"76,897.92"
152,http://www.moneycontrol.com/india/stockpricequote/miscellaneous/gatewaydistriparks/GD01,"1,946.23",51.14,74.05,70.00%,1,37.84,3.50,31.24,2.42,3.91%,10.00,"1,946.23"
153,http://www.moneycontrol.com/india/stockpricequote/couriers/gati/G04,857.88,24.87,58.33,40.00%,1,53.40,3.18,21.79,1.36,1.01%,2.00,857.88
154,http://www.moneycontrol.com/india/stockpricequote/constructioncontractingcivil/gayatriprojects/GP10,"3,099.07",16.47,49.74,0.00%,1,29.27,10.05,12.76,3.33,-%,2.00,"3,099.07"
155,http://www.moneycontrol.com/india/stockpricequote/powertransmissionequipment/gepowerindia/AP29,"5,579.54",210.11,127.48,30.00%,1,14.04,3.95,72.11,6.51,0.36%,10.00,"5,579.54"
156,http://www.moneycontrol.com/india/stockpricequote/shipping/greateasternshippingcompany/GES,"4,537.64",28.34,352.99,101.00%,1,17.64,10.62,6.96,0.85,3.36%,10.00,"4,537.64"
157,http://www.moneycontrol.com/india/stockpricequote/powertransmissionequipment/getdindia/ATD,"7,445.83",35.68,48.49,90.00%,1,14.04,8.15,24.94,6.00,0.62%,2.00,"7,445.83"
158,http://www.moneycontrol.com/india/stockpricequote/financehousing/gichousingfinance/GIC,"1,984.14",10.76,189.90,50.00%,1,24.07,34.25,10.72,1.94,1.36%,10.00,"1,984.14"
159,http://www.moneycontrol.com/india/stockpricequote/personalcare/gilletteindia/GI22,"21,023.33",90.58,153.63,1640.00%,1,65.60,71.23,77.73,42.00,2.54%,10.00,"21,023.33"
160,http://www.moneycontrol.com/india/stockpricequote/foodprocessing/glaxosmithklineconsumerhealthcare/GSC04,"26,242.66",37.48,908.98,700.00%,1,64.19,166.47,34.33,6.86,1.12%,10.00,"26,242.66"
161,http://www.moneycontrol.com/india/stockpricequote/pharmaceuticals/glaxosmithklinepharmaceuticals/GSK,"24,021.78",68.26,281.00,300.00%,1,29.29,41.55,61.60,10.09,1.06%,10.00,"24,021.78"
162,http://www.moneycontrol.com/india/stockpricequote/pharmaceuticals/glenmarkpharma/GP08,"16,774.90",16.54,370.38,200.00%,1,29.29,35.95,14.81,1.61,0.34%,1.00,"16,774.90"
163,http://www.moneycontrol.com/india/stockpricequote/infrastructuregeneral/gmrinfrastructure/GI27,"9,657.51",-,7.60,0.00%,1,22.02,-,-,2.11,-%,1.00,"9,657.51"
164,http://www.moneycontrol.com/india/stockpricequote/fertilisers/gujaratnarmadavalleyfertilizerschemicals/GNV,"6,682.23",8.46,295.40,50.00%,1,14.11,50.80,6.30,1.46,1.16%,10.00,"6,682.23"
165,http://www.moneycontrol.com/india/stockpricequote/cigarettes/godfreyphillipsindia/GPI,"4,133.52",25.71,337.08,400.00%,1,28.45,30.92,16.12,2.36,1.01%,2.00,"4,133.52"
166,http://www.moneycontrol.com/india/stockpricequote/personalcare/godrejconsumerproducts/GCP,"80,611.50",80.60,64.55,1500.00%,1,65.60,14.68,75.84,18.33,1.27%,1.00,"80,611.50"
167,http://www.moneycontrol.com/india/stockpricequote/personalcare/godrejindustries/GI23,"20,453.64",84.69,55.20,175.00%,1,65.60,7.18,65.95,11.02,0.29%,1.00,"20,453.64"
168,http://www.moneycontrol.com/india/stockpricequote/constructioncontractingrealestate/godrejproperties/GP11,"16,992.68",80.81,95.58,0.00%,1,29.27,9.17,75.54,7.75,-%,5.00,"16,992.68"
169,http://www.moneycontrol.com/india/stockpricequote/pharmaceuticals/granulesindia/GI25,"2,106.43",15.13,40.38,25.00%,1,29.29,5.48,9.80,2.05,0.30%,1.00,"2,106.43"
170,http://www.moneycontrol.com/india/stockpricequote/diversified/grasimindustries/GI01,"68,045.04",38.48,247.46,275.00%,1,21.68,26.90,28.40,4.18,0.53%,2.00,"68,045.04"
171,http://www.moneycontrol.com/india/stockpricequote/engines/greavescotton/GC20,"3,411.57",16.83,46.01,275.00%,1,24.55,8.30,13.38,3.04,3.94%,2.00,"3,411.57"
172,http://www.moneycontrol.com/india/stockpricequote/miscellaneous/greenplyindustries/GI19,"2,833.92",20.88,75.25,60.00%,1,27.23,11.07,15.70,3.07,0.26%,1.00,"2,833.92"
173,http://www.moneycontrol.com/india/stockpricequote/abrasives/grindwellnorton/GN,"5,591.36",38.00,93.18,80.00%,1,39.97,13.29,29.53,5.42,0.79%,5.00,"5,591.36"
174,http://www.moneycontrol.com/india/stockpricequote/financehousing/gruhfinance/GRU,"22,528.35",62.10,18.88,165.00%,1,24.07,4.96,61.60,16.31,1.07%,2.00,"22,528.35"
175,http://www.moneycontrol.com/india/stockpricequote/fertilisers/gujaratstatefertilizerschemicals/GSF,"4,391.22",9.23,176.95,110.00%,1,14.11,11.94,7.38,0.62,2.00%,2.00,"4,391.22"
176,http://www.moneycontrol.com/india/stockpricequote/chemicals/gujaratalkalieschemicals/GAC01,"4,097.78",7.66,529.95,50.00%,1,9.53,72.85,6.19,1.05,0.90%,10.00,"4,097.78"
177,http://www.moneycontrol.com/india/stockpricequote/chemicals/gujaratfluorochemicals/GF07,"8,347.50",17.13,320.78,350.00%,1,24.17,44.36,13.05,2.37,0.46%,1.00,"8,347.50"
178,http://www.moneycontrol.com/india/stockpricequote/chemicals/gujaratheavychemicals/GHC,"2,635.30",7.23,166.48,50.00%,1,9.53,37.41,5.56,1.62,1.85%,10.00,"2,635.30"
179,http://www.moneycontrol.com/india/stockpricequote/miningminerals/gujaratmineraldevelopmentcorporation/GMD,"3,467.79",7.98,138.68,150.00%,1,14.03,13.67,6.35,0.79,2.75%,2.00,"3,467.79"
180,http://www.moneycontrol.com/india/stockpricequote/oildrillingandexploration/gujaratstatepetronet/GSP02,"10,165.92",15.20,91.60,15.00%,1,14.80,11.86,12.05,1.97,0.83%,10.00,"10,165.92"
181,http://www.moneycontrol.com/india/stockpricequote/oildrillingandexploration/gujaratgas/GGC,"10,738.89",36.86,140.64,30.00%,1,25.02,21.16,19.07,5.55,0.38%,10.00,"10,738.89"
182,http://www.moneycontrol.com/india/stockpricequote/shipping/gujaratpipavavport/GPP03,"5,097.87",25.66,45.88,38.00%,1,18.75,4.11,16.87,2.30,3.60%,10.00,"5,097.87"
183,http://www.moneycontrol.com/india/stockpricequote/lubricants/gulfoillubricantsindia/GOL01,"4,348.74",27.43,103.07,425.00%,1,25.93,31.90,25.74,8.49,0.97%,2.00,"4,348.74"
184,http://www.moneycontrol.com/india/stockpricequote/mediaentertainment/hathwaycabledatacom/HCD,"2,304.62",29.52,12.71,0.00%,1,33.99,0.94,13.15,2.18,-%,2.00,"2,304.62"
185,http://www.moneycontrol.com/india/stockpricequote/foodprocessing/hatsunagroproducts/HAP,"9,619.89",105.87,59.73,400.00%,1,64.19,5.62,36.37,9.96,0.67%,1.00,"9,619.89"
186,http://www.moneycontrol.com/india/stockpricequote/electricequipment/havellsindia/HI01,"33,290.80",46.73,59.78,400.00%,1,46.50,11.39,39.08,8.90,0.75%,1.00,"33,290.80"
187,http://www.moneycontrol.com/india/stockpricequote/computershardware/hclinfosystems/HCL,"1,162.11",-,34.06,0.00%,1,28.31,-,-,1.04,-%,2.00,"1,162.11"
188,http://www.moneycontrol.com/india/stockpricequote/computerssoftware/hcltechnologies/HCL02,"126,611.54",17.20,186.49,600.00%,1,21.88,52.87,15.34,4.88,1.32%,2.00,"126,611.54"
189,http://www.moneycontrol.com/india/stockpricequote/financehousing/housingdevelopmentfinancecorporation/HDF,"322,486.19",26.49,235.66,900.00%,1,24.07,72.42,26.39,8.14,0.94%,2.00,"322,486.19"
190,http://www.moneycontrol.com/india/stockpricequote/banksprivatesector/hdfcbank/HDF01,"543,061.33",31.06,408.32,650.00%,1,32.82,67.17,29.53,5.11,0.62%,2.00,"543,061.33"
191,http://www.moneycontrol.com/india/stockpricequote/constructioncontractingrealestate/housingdevelopmentinfrastructure/HDI,907.07,9.50,263.04,0.00%,1,29.27,2.20,8.89,0.08,-%,10.00,907.07
192,http://www.moneycontrol.com/india/stockpricequote/cementmajor/heidelbergcementindia/HCI02,"3,161.25",23.72,48.55,0.00%,1,35.54,5.88,13.49,2.87,-%,10.00,"3,161.25"
193,http://www.moneycontrol.com/india/stockpricequote/foodprocessing/heritagefoods/HFI,"2,709.41",52.05,78.42,40.00%,1,64.19,11.22,30.43,7.45,0.34%,5.00,"2,709.41"
194,http://www.moneycontrol.com/india/stockpricequote/auto23wheelers/heromotocorp/HHM,"71,237.08",19.27,691.43,4250.00%,1,21.74,185.14,16.75,5.16,2.38%,2.00,"71,237.08"
195,http://www.moneycontrol.com/india/stockpricequote/computerssoftware/hexawaretechnologies/HT02,"13,870.14",33.57,51.93,200.00%,1,21.88,13.92,29.99,9.00,0.86%,2.00,"13,870.14"
196,http://www.moneycontrol.com/india/stockpricequote/telecommunicationsequipment/himachalfuturisticcommunication/HFC,"3,656.16",23.60,9.67,0.00%,1,34.19,1.25,21.38,3.05,-%,1.00,"3,656.16"
197,http://www.moneycontrol.com/india/stockpricequote/textilessyntheticsilk/himatsingkaseide/HS,"2,958.15",14.35,129.27,50.00%,1,12.53,20.93,11.32,2.32,0.83%,5.00,"2,958.15"
198,http://www.moneycontrol.com/india/stockpricequote/constructioncontractingcivil/hindustanconstructioncompany/HCC,"1,188.09",15.39,27.33,0.00%,1,29.27,0.76,5.94,0.43,-%,1.00,"1,188.09"
199,http://www.moneycontrol.com/india/stockpricequote/metalsnonferrous/hindustancopper/HC07,"6,037.05",75.87,16.72,0.00%,1,20.28,0.86,24.72,3.90,-%,5.00,"6,037.05"
200,http://www.moneycontrol.com/india/stockpricequote/metalsnonferrous/hindustanzinc/HZ,"117,421.62",12.82,94.86,1470.00%,1,13.13,21.67,11.04,2.93,10.58%,2.00,"117,421.62"
201,http://www.moneycontrol.com/india/stockpricequote/aluminium/hindalcoindustries/HI,"49,952.40",34.77,210.84,110.00%,1,22.03,6.40,16.36,1.06,0.49%,1.00,"49,952.40"
202,http://www.moneycontrol.com/india/stockpricequote/telecommunicationsequipment/honeywellautomation/HA04,"16,091.57",64.44,1617.38,100.00%,1,37.30,282.45,60.74,11.25,0.05%,10.00,"16,091.57"
203,http://www.moneycontrol.com/india/stockpricequote/refineries/hindustanpetroleumcorporation/HPC,"45,615.63",7.18,120.46,300.00%,1,8.20,41.72,5.01,2.49,10.02%,10.00,"45,615.63"
204,http://www.moneycontrol.com/india/stockpricequote/ceramicsgranite/hsil/HSI02,"2,443.62",32.69,210.91,200.00%,1,24.23,10.34,12.95,1.60,1.18%,2.00,"2,443.62"
205,http://www.moneycontrol.com/india/stockpricequote/personalcare/hindustanunilever/HU,"350,887.14",67.01,32.69,2000.00%,1,65.60,24.19,61.40,49.59,1.23%,1.00,"350,887.14"
206,http://www.moneycontrol.com/india/stockpricequote/banksprivatesector/icicibank/ICI02,"185,223.98",27.32,150.68,125.00%,1,32.82,10.54,27.32,1.91,0.87%,2.00,"185,223.98"
207,http://www.moneycontrol.com/india/stockpricequote/financegeneral/iciciprudentiallifeinsurancecompany/IPL01,"53,546.20",33.07,47.81,78.00%,1,56.11,11.28,33.07,7.80,2.09%,10.00,"53,546.20"
208,http://www.moneycontrol.com/india/stockpricequote/miscellaneous/icra/ICR,"3,194.80",31.85,559.34,270.00%,1,48.41,101.30,31.02,5.77,0.84%,10.00,"3,194.80"
209,http://www.moneycontrol.com/india/stockpricequote/bankspublicsector/idbibank/IDB05,"22,787.48",-,26.38,0.00%,1,11.90,-,-,2.07,-%,10.00,"22,787.48"
210,http://www.moneycontrol.com/india/stockpricequote/telecommunicationsservice/ideacellular/IC8,"25,156.14",-,45.18,0.00%,1,338.81,-,7.11,1.28,-%,10.00,"25,156.14"
211,http://www.moneycontrol.com/india/stockpricequote/financetermlendinginstitutions/idfc/IDF,"7,606.63",51.24,61.38,0.00%,1,5.47,0.93,49.64,0.78,-%,10.00,"7,606.63"
212,http://www.moneycontrol.com/india/stockpricequote/banksprivatesector/idfcbank/IDF01,"14,178.11",16.53,45.65,7.50%,1,32.82,2.52,13.88,0.91,1.80%,10.00,"14,178.11"
213,http://www.moneycontrol.com/india/stockpricequote/financetermlendinginstitutions/ifci/IFC02,"2,688.15",-,27.76,0.00%,1,5.47,-,-,0.57,-%,10.00,"2,688.15"
214,http://www.moneycontrol.com/india/stockpricequote/oildrillingandexploration/indraprasthagas/IG04,"18,347.02",27.36,51.39,85.00%,1,31.73,9.58,21.54,5.10,0.65%,2.00,"18,347.02"
215,http://www.moneycontrol.com/india/stockpricequote/financegeneral/iiflholdings/II15,"22,590.90",110.47,47.01,225.00%,1,36.39,6.41,110.30,15.06,0.64%,2.00,"22,590.90"
216,http://www.moneycontrol.com/india/stockpricequote/infrastructuregeneral/ilandfstransportationnetworks/ITN,"1,394.79",5.54,93.66,20.00%,1,24.06,7.65,5.09,0.45,4.72%,10.00,"1,394.79"
217,http://www.moneycontrol.com/india/stockpricequote/cementmajor/indiacements/IC,"3,504.17",34.86,165.25,10.00%,1,35.54,3.25,9.83,0.69,0.88%,10.00,"3,504.17"
218,http://www.moneycontrol.com/india/stockpricequote/financehousing/indiabullshousingfinance/IHF01,"50,679.23",14.21,361.84,1350.00%,1,36.39,83.61,14.10,3.28,2.27%,2.00,"50,679.23"
219,http://www.moneycontrol.com/india/stockpricequote/constructioncontractingrealestate/indiabullsrealestate/IRE01,"7,550.62",-,128.97,0.00%,1,29.27,-,-,1.23,-%,2.00,"7,550.62"
220,http://www.moneycontrol.com/india/stockpricequote/financeinvestments/indiabullsventures/IS13,"29,099.50",559.30,38.01,50.00%,1,36.39,0.86,540.45,12.65,0.21%,2.00,"29,099.50"
221,http://www.moneycontrol.com/india/stockpricequote/bankspublicsector/indianbank/IB04,"16,766.98",13.32,329.53,0.00%,1,11.90,26.21,11.21,1.06,-%,10.00,"16,766.98"
222,http://www.moneycontrol.com/india/stockpricequote/hotels/indianhotelscompany/IHC,"15,799.30",109.79,34.48,35.00%,1,65.69,1.21,53.35,3.85,0.26%,1.00,"15,799.30"
223,http://www.moneycontrol.com/india/stockpricequote/textilesspinningcottonblended/indocountindustries/ICI07,"1,322.58",10.09,48.51,40.00%,1,14.02,6.64,8.19,1.38,1.19%,2.00,"1,322.58"
224,http://www.moneycontrol.com/india/stockpricequote/pharmaceuticals/indocoremedies/IR05,"1,750.40",42.49,75.21,80.00%,1,29.29,4.47,16.07,2.53,0.84%,2.00,"1,750.40"
225,http://www.moneycontrol.com/india/stockpricequote/banksprivatesector/indusindbank/IIB,"119,182.76",33.05,397.47,60.00%,1,32.82,60.06,33.05,4.99,0.30%,10.00,"119,182.76"
226,http://www.moneycontrol.com/india/stockpricequote/miscellaneous/infibeamincorporation/IIL03,"10,509.52","1,057.33",12.54,0.00%,1,775.46,0.15,198.25,12.65,-%,1.00,"10,509.52"
227,http://www.moneycontrol.com/india/stockpricequote/miscellaneous/infoedgeindia/IEI01,"14,728.69",80.76,177.69,45.00%,1,37.84,14.96,72.21,6.80,0.37%,10.00,"14,728.69"
228,http://www.moneycontrol.com/india/stockpricequote/computerssoftware/infosys/IT,"279,568.27",17.30,290.74,515.00%,1,21.88,73.97,15.92,4.40,2.01%,5.00,"279,568.27"
229,http://www.moneycontrol.com/india/stockpricequote/compressors/ingersollrandindia/IRI01,"1,737.19",19.54,364.43,60.00%,1,31.55,28.16,17.12,1.51,1.09%,10.00,"1,737.19"
230,http://www.moneycontrol.com/india/stockpricequote/mediaentertainment/inoxleisure/INO01,"2,585.07",22.54,72.59,0.00%,1,33.99,11.89,12.84,3.69,-%,10.00,"2,585.07"
231,http://www.moneycontrol.com/india/stockpricequote/powergenerationdistribution/inoxwind/IW,"1,963.98",-,90.55,0.00%,1,22.07,-,-,0.98,-%,10.00,"1,963.98"
232,http://www.moneycontrol.com/india/stockpricequote/computerssoftware/intellectdesignarena/IDA,"2,416.47",73.56,55.75,0.00%,1,21.88,2.61,41.65,3.44,-%,5.00,"2,416.47"
233,http://www.moneycontrol.com/india/stockpricequote/transportlogistics/interglobeaviation/IA04,"44,841.06",20.00,157.24,340.00%,1,18.59,58.33,16.74,7.42,2.91%,10.00,"44,841.06"
234,http://www.moneycontrol.com/india/stockpricequote/bankspublicsector/indianoverseasbank/IOB,"7,360.61",-,27.14,0.00%,1,11.90,-,-,0.55,-%,10.00,"7,360.61"
235,http://www.moneycontrol.com/india/stockpricequote/refineries/indianoilcorporation/IOC,"161,750.19",7.58,102.81,190.00%,1,8.20,21.98,5.69,1.62,11.41%,10.00,"161,750.19"
236,http://www.moneycontrol.com/india/stockpricequote/pharmaceuticals/ipcalaboratories/IL,"8,415.05",36.10,214.34,50.00%,1,29.29,18.45,20.65,3.11,0.15%,2.00,"8,415.05"
237,http://www.moneycontrol.com/india/stockpricequote/infrastructuregeneral/irbinfrastructuredevelopers/IID01,"7,700.27",17.33,83.92,50.00%,1,29.27,12.64,17.33,2.61,2.28%,10.00,"7,700.27"
238,http://www.moneycontrol.com/india/stockpricequote/engineeringheavy/isgecheavyengineering/SIS06,"3,986.77",33.51,1692.49,300.00%,1,22.07,161.81,21.42,3.20,0.55%,10.00,"3,986.77"
239,http://www.moneycontrol.com/india/stockpricequote/cigarettes/itc/ITC,"321,583.17",28.64,46.35,475.00%,1,28.45,9.20,26.01,5.69,1.80%,1.00,"321,583.17"
240,http://www.moneycontrol.com/india/stockpricequote/constructioncontractingcivil/itdcementationindia/ITD03,"2,138.76",25.30,36.03,40.00%,1,29.27,4.92,15.31,3.46,0.32%,1.00,"2,138.76"
241,http://www.moneycontrol.com/india/stockpricequote/constructioncontractingcivil/jkumarinfraprojects/KI01,"1,728.96",12.66,201.62,40.00%,1,29.27,18.05,8.26,1.13,0.88%,5.00,"1,728.96"
242,http://www.moneycontrol.com/india/stockpricequote/cementmajor/jkcement/JKC03,"6,216.53",18.18,323.51,80.00%,1,35.54,48.89,11.77,2.75,0.90%,10.00,"6,216.53"
243,http://www.moneycontrol.com/india/stockpricequote/mediaentertainment/jagranprakashan/JP12,"4,328.62",16.28,62.08,150.00%,1,15.02,8.54,12.42,2.24,2.16%,2.00,"4,328.62"
244,http://www.moneycontrol.com/india/stockpricequote/steelgpgcsheets/jaicorp/JC08,"2,563.43",104.85,62.13,50.00%,1,58.61,1.37,64.42,2.31,0.35%,1.00,"2,563.43"
245,http://www.moneycontrol.com/india/stockpricequote/plastics/jainirrigationsystems/JIS02,"4,511.97",16.06,92.69,37.50%,1,16.24,5.66,9.57,0.98,0.83%,2.00,"4,511.97"
246,http://www.moneycontrol.com/india/stockpricequote/infrastructuregeneral/jaiprakashassociates/JA02,"4,110.85",11.66,32.52,0.00%,1,29.27,1.45,4.79,0.52,-%,2.00,"4,110.85"
247,http://www.moneycontrol.com/india/stockpricequote/pharmaceuticals/jbchemicalspharmaceuticals/JBC01,"2,164.46",16.91,181.36,50.00%,1,29.29,15.32,11.77,1.43,0.39%,2.00,"2,164.46"
248,http://www.moneycontrol.com/india/stockpricequote/textilesmanmade/jbfindustries/JBF,480.59,-,179.42,10.00%,1,11.74,-,-,0.33,1.70%,10.00,480.59
249,http://www.moneycontrol.com/india/stockpricequote/transportlogistics/jetairways/JA01,"4,268.42",-,-337.55,0.00%,1,18.59,-,-,-,-%,10.00,"4,268.42"
250,http://www.moneycontrol.com/india/stockpricequote/steellarge/jindalstainlesshisar/JSH,"3,423.41",8.65,53.31,0.00%,1,10.67,16.77,5.17,2.72,-%,2.00,"3,423.41"
251,http://www.moneycontrol.com/india/stockpricequote/packaging/jindalpolyfilms/JPF01,972.06,66.87,422.11,10.00%,1,22.73,3.32,8.34,0.53,0.45%,10.00,972.06
252,http://www.moneycontrol.com/india/stockpricequote/steeltubespipes/jindalsaw/JS08,"2,511.67",6.51,186.07,50.00%,1,18.02,12.07,3.91,0.42,1.27%,2.00,"2,511.67"
253,http://www.moneycontrol.com/india/stockpricequote/steelspongeiron/jindalsteelpower/JSP,"21,662.64",-,221.19,0.00%,1,9.39,-,14.00,1.01,-%,1.00,"21,662.64"
254,http://www.moneycontrol.com/india/stockpricequote/banksprivatesector/jammukashmirbank/JKB,"2,990.33",14.75,105.64,0.00%,1,32.82,3.64,14.75,0.51,-%,1.00,"2,990.33"
255,http://www.moneycontrol.com/india/stockpricequote/cementmajor/jklakshmicement/JKL01,"3,716.61",44.24,124.55,15.00%,1,35.54,7.14,14.12,2.54,0.24%,5.00,"3,716.61"
256,http://www.moneycontrol.com/india/stockpricequote/tyres/jktyreindustries/JKT01,"2,849.91",66.13,75.70,125.00%,1,26.65,1.90,13.06,1.66,1.99%,2.00,"2,849.91"
257,http://www.moneycontrol.com/india/stockpricequote/financeinvestments/jmfinancial/JMF,"9,792.12",72.01,20.61,150.00%,1,36.39,1.62,71.56,5.66,1.29%,1.00,"9,792.12"
258,http://www.moneycontrol.com/india/stockpricequote/consumergoodswhitegoods/johnsoncontrolshitachiairconditioningindia/HHL,"6,662.17",66.53,198.28,15.00%,1,19.89,36.83,43.52,12.36,0.06%,10.00,"6,662.17"
259,http://www.moneycontrol.com/india/stockpricequote/powergenerationdistribution/jswenergy/JE01,"11,078.57",-,48.54,5.00%,1,11.32,-,-,1.39,0.74%,10.00,"11,078.57"
260,http://www.moneycontrol.com/india/stockpricequote/steellarge/jswsteel/JSW01,"77,907.01",16.85,118.58,225.00%,1,16.62,19.13,10.14,2.72,0.70%,1.00,"77,907.01"
261,http://www.moneycontrol.com/india/stockpricequote/miscellaneous/jubilantfoodworks/JF04,"18,538.35",89.82,80.22,25.00%,1,64.19,15.64,51.17,17.51,0.18%,10.00,"18,538.35"
262,http://www.moneycontrol.com/india/stockpricequote/pharmaceuticals/jubilantlifesciences/JO03,"11,131.36",42.25,144.79,300.00%,1,29.29,16.54,32.16,4.83,0.43%,1.00,"11,131.36"
263,http://www.moneycontrol.com/india/stockpricequote/miscellaneous/justdial/JD,"3,718.70",25.97,155.26,0.00%,1,48.41,21.25,20.71,3.55,-%,10.00,"3,718.70"
264,http://www.moneycontrol.com/india/stockpricequote/personalcare/jyothylaboratories/JL,"8,098.02",50.45,44.79,600.00%,1,65.60,8.83,37.31,9.95,1.35%,1.00,"8,098.02"
265,http://www.moneycontrol.com/india/stockpricequote/ceramicsgranite/kajariaceramics/KC06,"7,805.25",30.94,90.09,300.00%,1,24.23,15.87,24.85,5.45,0.61%,1.00,"7,805.25"
266,http://www.moneycontrol.com/india/stockpricequote/powertransmissionequipment/kalpatarupowertransmission/KPT,"6,139.96",19.07,182.48,100.00%,1,14.04,20.98,15.41,2.19,0.50%,2.00,"6,139.96"
267,http://www.moneycontrol.com/india/stockpricequote/paintsvarnishes/kansainerolacpaints/KNP,"24,413.06",47.29,57.99,260.00%,1,55.61,9.58,41.22,7.81,0.57%,1.00,"24,413.06"
268,http://www.moneycontrol.com/india/stockpricequote/banksprivatesector/karnatakabank/KB04,"3,244.03",9.96,181.91,40.00%,1,32.82,11.52,9.96,0.63,3.49%,10.00,"3,244.03"
269,http://www.moneycontrol.com/india/stockpricequote/miscellaneous/kaveriseedcompany/KSC01,"3,709.42",17.63,186.67,0.00%,1,24.88,31.83,15.87,3.01,-%,2.00,"3,709.42"
270,http://www.moneycontrol.com/india/stockpricequote/powertransmissionequipment/kecinternational/KEC04,"8,728.15",20.29,81.13,80.00%,1,14.04,16.73,16.61,4.18,0.47%,2.00,"8,728.15"
271,http://www.moneycontrol.com/india/stockpricequote/diversified/kesoramindustries/KI08,"1,179.75",-,56.33,0.00%,1,21.68,-,-,1.52,-%,10.00,"1,179.75"
272,http://www.moneycontrol.com/india/stockpricequote/engines/kirloskaroilengines/KOE03,"3,958.08",26.37,122.17,250.00%,1,24.55,10.38,15.30,2.24,1.83%,2.00,"3,958.08"
273,http://www.moneycontrol.com/india/stockpricequote/textilesreadymadeapparels/kitexgarments/KG01,951.28,13.58,68.52,150.00%,1,48.86,10.53,10.18,2.09,1.05%,1.00,951.28
274,http://www.moneycontrol.com/india/stockpricequote/banksprivatesector/kotakmahindrabank/KMB,"254,447.49",62.29,196.65,14.00%,1,32.82,21.43,57.99,6.79,0.05%,5.00,"254,447.49"
275,http://www.moneycontrol.com/india/stockpricequote/computerssoftwaremediumsmall/kpittechnologies/KPI02,"5,352.22",30.14,78.67,110.00%,1,21.88,8.99,21.41,3.44,0.81%,2.00,"5,352.22"
276,http://www.moneycontrol.com/india/stockpricequote/textilesreadymadeapparels/kprmill/M15,"4,788.45",21.29,181.75,15.00%,1,48.86,30.44,14.51,3.57,0.12%,5.00,"4,788.45"
277,http://www.moneycontrol.com/india/stockpricequote/foodprocessing/krbl/KRB01,"8,750.62",18.95,99.13,210.00%,1,20.53,19.62,16.53,3.75,0.56%,1.00,"8,750.62"
278,http://www.moneycontrol.com/india/stockpricequote/foodprocessing/kwality/KDI01,593.73,8.34,44.33,10.00%,1,64.19,2.95,3.02,0.55,0.41%,1.00,593.73
279,http://www.moneycontrol.com/india/stockpricequote/financeinvestments/ltfinanceholdings/LFH,"31,083.88",84.65,38.17,8.00%,1,36.39,1.84,84.65,4.08,0.51%,10.00,"31,083.88"
280,http://www.moneycontrol.com/india/stockpricequote/computerssoftware/larsentoubroinfotech/LI12,"28,131.95",24.25,173.01,1655.00%,1,21.88,67.42,22.48,9.45,1.01%,1.00,"28,131.95"
281,http://www.moneycontrol.com/india/stockpricequote/computerssoftwaremediumsmall/lttechnologyservices/LTS,"13,052.38",26.67,197.26,350.00%,1,28.26,47.76,23.86,6.46,0.55%,2.00,"13,052.38"
282,http://www.moneycontrol.com/india/stockpricequote/glassglassproducts/laopalarg/LOR,"2,763.90",37.61,24.65,100.00%,1,40.73,6.62,31.68,10.10,0.80%,2.00,"2,763.90"
283,http://www.moneycontrol.com/india/stockpricequote/textilesmachinery/lakshmimachineworks/LMW,"8,649.81",40.91,1597.23,350.00%,1,22.07,192.98,30.65,4.94,0.44%,10.00,"8,649.81"
284,http://www.moneycontrol.com/india/stockpricequote/banksprivatesector/lakshmivilasbank/LVB,"2,879.93",-,107.33,27.00%,1,32.82,-,-,1.05,2.40%,10.00,"2,879.93"
285,http://www.moneycontrol.com/india/stockpricequote/infrastructuregeneral/larsentoubro/LT,"177,949.32",33.03,290.38,1050.00%,1,21.68,38.43,21.65,4.37,1.65%,2.00,"177,949.32"
286,http://www.moneycontrol.com/india/stockpricequote/pharmaceuticals/lauruslabs/LL05,"4,939.40",27.81,144.45,15.00%,1,29.29,16.75,16.53,3.22,0.32%,10.00,"4,939.40"
287,http://www.moneycontrol.com/india/stockpricequote/financehousing/lichousingfinance/LIC,"24,251.58",12.19,258.92,310.00%,1,24.07,39.42,12.13,1.86,1.29%,2.00,"24,251.58"
288,http://www.moneycontrol.com/india/stockpricequote/chemicals/lindeindia/BOC,"3,863.38",193.59,165.06,10.00%,1,31.73,2.34,17.08,2.74,0.22%,10.00,"3,863.38"
289,http://www.moneycontrol.com/india/stockpricequote/pharmaceuticals/lupin/L,"40,788.74",30.34,326.92,375.00%,1,29.29,29.74,23.52,2.76,0.83%,2.00,"40,788.74"
290,http://www.moneycontrol.com/india/stockpricequote/autocarsjeeps/mahindramahindra/MM,"111,489.51",25.50,206.60,260.00%,1,31.16,35.17,19.05,4.34,1.45%,5.00,"111,489.51"
291,http://www.moneycontrol.com/india/stockpricequote/financeleasinghirepurchase/mahindramahindrafinancialservices/MMF04,"30,341.53",34.01,119.46,120.00%,1,36.39,14.44,32.42,4.11,0.49%,2.00,"30,341.53"
292,http://www.moneycontrol.com/india/stockpricequote/financeleasinghirepurchase/magmafincorp/MF20,"4,420.34",21.83,83.44,40.00%,1,36.39,7.52,17.57,1.97,0.49%,2.00,"4,420.34"
293,http://www.moneycontrol.com/india/stockpricequote/refineries/mahanagargas/MG02,"8,157.56",17.07,234.66,190.00%,1,25.02,48.38,13.85,3.52,2.30%,10.00,"8,157.56"
294,http://www.moneycontrol.com/india/stockpricequote/castingsforgings/mahindracieautomotive/MF19,"9,505.34",104.19,92.45,0.00%,1,44.18,2.41,56.94,2.72,-%,10.00,"9,505.34"
295,http://www.moneycontrol.com/india/stockpricequote/hotels/mahindraholidaysresortsindia/MHR,"4,098.26",30.52,50.58,50.00%,1,65.69,10.06,21.67,6.07,1.63%,10.00,"4,098.26"
296,http://www.moneycontrol.com/india/stockpricequote/constructioncontractingcivil/mahindralifespacedevelopers/MLD,"2,921.15",54.98,331.30,60.00%,1,29.27,10.35,51.17,1.72,1.05%,10.00,"2,921.15"
297,http://www.moneycontrol.com/india/stockpricequote/financeleasinghirepurchase/manappuramfinance/MGF01,"8,543.33",12.20,47.61,100.00%,1,36.39,8.31,11.23,2.13,1.97%,2.00,"8,543.33"
298,http://www.moneycontrol.com/india/stockpricequote/foodprocessing/manpasandbeverages/MB04,"1,691.75",19.19,100.78,10.00%,1,49.34,7.70,10.45,1.47,0.68%,10.00,"1,691.75"
299,http://www.moneycontrol.com/india/stockpricequote/personalcare/marico/M13,"43,824.85",61.06,28.22,350.00%,1,65.60,5.56,55.84,12.03,1.03%,1.00,"43,824.85"
300,http://www.moneycontrol.com/india/stockpricequote/pharmaceuticals/marksanspharma/MP21,"1,141.99",93.00,10.54,5.00%,1,29.29,0.30,46.50,2.65,0.18%,1.00,"1,141.99"
301,http://www.moneycontrol.com/india/stockpricequote/autocarsjeeps/marutisuzukiindia/MS24,"270,059.57",34.97,1453.02,1500.00%,1,31.16,255.62,25.77,6.15,0.84%,5.00,"270,059.57"
302,http://www.moneycontrol.com/india/stockpricequote/financeinvestments/maxfinancialservices/MI,"12,132.39",98.69,68.12,0.00%,1,36.39,4.58,97.00,6.64,-%,2.00,"12,132.39"
303,http://www.moneycontrol.com/india/stockpricequote/miscellaneous/maxindia/MIL16,"1,967.25",305.42,61.26,0.00%,1,36.39,0.24,271.48,1.20,-%,2.00,"1,967.25"
304,http://www.moneycontrol.com/india/stockpricequote/plantationsteacoffee/mcleodrusselindia/MRI02,"1,663.73",24.76,165.42,5.00%,1,30.94,6.14,11.09,0.92,0.16%,5.00,"1,663.73"
305,http://www.moneycontrol.com/india/stockpricequote/miscellaneous/multicommodityexchangeindia/MCE,"3,845.53",36.17,320.72,150.00%,1,16.56,20.85,31.26,2.35,1.99%,10.00,"3,845.53"
306,http://www.moneycontrol.com/india/stockpricequote/autoancillaries/mindaindustries/MI4,"11,009.72",81.01,75.68,110.00%,1,68.45,15.59,58.45,16.69,0.17%,2.00,"11,009.72"
307,http://www.moneycontrol.com/india/stockpricequote/computerssoftware/mindtree/MT13,"15,858.24",24.39,173.04,90.00%,1,21.88,39.64,19.69,5.59,0.93%,10.00,"15,858.24"
308,http://www.moneycontrol.com/india/stockpricequote/trading/mmtc/MMT,"5,220.00",105.45,9.56,30.00%,1,46.61,0.33,96.67,3.64,0.86%,1.00,"5,220.00"
309,http://www.moneycontrol.com/india/stockpricequote/miningminerals/moil/M18,"4,669.56",11.07,105.32,110.00%,1,14.03,15.84,9.64,1.66,6.27%,10.00,"4,669.56"
310,http://www.moneycontrol.com/india/stockpricequote/pesticidesagrochemicals/monsantoindia/MI39,"4,920.92",29.90,402.13,300.00%,1,37.28,95.33,27.71,7.09,1.05%,10.00,"4,920.92"
311,http://www.moneycontrol.com/india/stockpricequote/autoancillaries/mothersonsumisystems/MSS01,"59,327.62",67.42,11.90,200.00%,1,68.45,4.18,54.09,23.68,0.71%,1.00,"59,327.62"
312,http://www.moneycontrol.com/india/stockpricequote/financegeneral/motilaloswalfinancialservices/MOF01,"11,490.62",88.59,55.07,250.00%,1,36.39,8.94,84.35,14.38,0.32%,1.00,"11,490.62"
313,http://www.moneycontrol.com/india/stockpricequote/computerssoftware/mphasis/MB02,"20,790.33",28.10,242.01,170.00%,1,21.88,38.28,26.94,4.44,1.58%,10.00,"20,790.33"
314,http://www.moneycontrol.com/india/stockpricequote/tyres/mrf/MRF,"31,789.87",29.10,22721.94,600.00%,1,26.65,"2,575.44",17.68,3.30,0.08%,10.00,"31,789.87"
315,http://www.moneycontrol.com/india/stockpricequote/refineries/mangalorerefinerypetrochemicals/MRP,"15,650.71",7.04,70.15,0.00%,1,8.20,12.69,5.41,1.27,-%,10.00,"15,650.71"
316,http://www.moneycontrol.com/india/stockpricequote/telecommunicationsservice/mahanagartelephonenigam/MTN,"1,052.10",-,-100.63,0.00%,1,338.81,-,-,-,-%,10.00,"1,052.10"
317,http://www.moneycontrol.com/india/stockpricequote/financeinvestments/muthootfinance/MF10,"15,707.59",9.13,205.89,60.00%,1,36.39,43.00,8.90,1.91,1.53%,10.00,"15,707.59"
318,http://www.moneycontrol.com/india/stockpricequote/aluminium/nationalaluminiumcompany/NAC,"11,674.89",8.70,59.74,56.00%,1,22.03,6.94,6.41,1.01,4.64%,5.00,"11,674.89"
319,http://www.moneycontrol.com/india/stockpricequote/hospitalsmedicalservices/narayanahrudayalaya/NH,"4,724.82",77.85,54.65,0.00%,1,50.52,2.97,34.05,4.23,-%,10.00,"4,724.82"
320,http://www.moneycontrol.com/india/stockpricequote/pharmaceuticals/natcopharma/NP07,"14,826.81",21.24,130.08,362.50%,1,29.29,37.84,19.42,6.18,0.90%,2.00,"14,826.81"
321,http://www.moneycontrol.com/india/stockpricequote/diversified/navabharatventures/NBV,"2,377.73",14.71,160.54,50.00%,1,21.68,9.05,11.95,0.83,0.75%,2.00,"2,377.73"
322,http://www.moneycontrol.com/india/stockpricequote/chemicals/navinfluorineinternational/NFI,"3,177.99",17.76,151.60,315.00%,1,25.21,36.27,14.64,4.25,0.98%,2.00,"3,177.99"
323,http://www.moneycontrol.com/india/stockpricequote/transportlogistics/navkarcorporation/NC02,"1,911.59",18.57,89.09,0.00%,1,41.99,6.84,15.17,1.43,-%,10.00,"1,911.59"
324,http://www.moneycontrol.com/india/stockpricequote/printingstationery/navneeteducation/NP01,"2,940.50",19.19,37.63,125.00%,1,15.02,6.56,16.63,3.35,1.99%,2.00,"2,940.50"
325,http://www.moneycontrol.com/india/stockpricequote/infrastructuregeneral/nbccindia/NBC01,"14,382.00",43.19,9.30,81.50%,1,29.27,1.85,42.73,8.59,1.02%,1.00,"14,382.00"
326,http://www.moneycontrol.com/india/stockpricequote/constructioncontractingcivil/ncc/NCC01,"5,877.33",20.51,62.23,20.00%,1,29.27,4.77,14.54,1.57,0.41%,2.00,"5,877.33"
327,http://www.moneycontrol.com/india/stockpricequote/foodprocessing/nestleindia/NI,"96,724.25",72.05,354.77,860.00%,1,64.19,139.24,57.41,28.28,0.86%,10.00,"96,724.25"
328,http://www.moneycontrol.com/india/stockpricequote/financegeneral/network18mediainvestments/NMI,"4,407.65",-,23.64,0.00%,1,36.39,-,-,1.78,-%,5.00,"4,407.65"
329,http://www.moneycontrol.com/india/stockpricequote/powergenerationdistribution/nhpc/N07,"25,237.93",9.14,28.95,18.00%,1,11.32,2.69,6.06,0.85,7.32%,10.00,"25,237.93"
330,http://www.moneycontrol.com/india/stockpricequote/computerssoftwaretraining/niit/NII,"1,636.87",316.61,48.49,0.00%,1,96.79,0.31,56.41,2.02,-%,2.00,"1,636.87"
331,http://www.moneycontrol.com/india/stockpricequote/computerssoftware/niittechnologies/NII02,"6,816.74",30.13,217.85,125.00%,1,21.88,36.79,22.08,5.09,1.13%,10.00,"6,816.74"
332,http://www.moneycontrol.com/india/stockpricequote/plastics/nilkamal/NP08,"2,501.91",21.37,534.21,130.00%,1,35.44,78.47,15.11,3.14,0.78%,10.00,"2,501.91"
333,http://www.moneycontrol.com/india/stockpricequote/powergenerationdistribution/nlcindia/NLC,"12,442.55",6.73,91.90,73.40%,1,11.32,12.09,4.59,0.89,9.02%,10.00,"12,442.55"
334,http://www.moneycontrol.com/india/stockpricequote/miningminerals/nmdc/NMD02,"34,027.64",8.94,83.20,515.00%,1,14.03,12.03,8.38,1.29,4.79%,1.00,"34,027.64"
335,http://www.moneycontrol.com/india/stockpricequote/powergenerationdistribution/ntpc/NTP,"127,763.47",12.36,129.25,47.80%,1,11.32,12.54,7.33,1.20,3.08%,10.00,"127,763.47"
336,http://www.moneycontrol.com/india/stockpricequote/constructioncontractingrealestate/oberoirealty/OR,"16,807.51",40.30,123.37,20.00%,1,29.27,11.47,36.80,3.75,0.43%,10.00,"16,807.51"
337,http://www.moneycontrol.com/india/stockpricequote/cementmajor/oclindia/OCL,"6,180.50",14.64,488.16,250.00%,1,35.54,74.21,10.48,2.23,0.46%,2.00,"6,180.50"
338,http://www.moneycontrol.com/india/stockpricequote/oildrillingandexploration/oilindia/OI13,"24,048.61",9.01,255.93,95.00%,1,11.12,23.51,6.11,0.83,4.48%,10.00,"24,048.61"
339,http://www.moneycontrol.com/india/stockpricequote/constructioncontractingrealestate/omaxe/O02,"4,006.44",63.13,105.59,7.00%,1,29.27,3.47,57.64,2.07,0.32%,10.00,"4,006.44"
340,http://www.moneycontrol.com/india/stockpricequote/oildrillingandexploration/oilnaturalgascorporation/ONG,"202,829.28",10.17,160.12,121.00%,1,11.12,15.54,5.89,0.99,3.83%,5.00,"202,829.28"
341,http://www.moneycontrol.com/india/stockpricequote/computerssoftware/oraclefinancialservicessoftware/OFS01,"34,883.95",34.68,313.17,3400.00%,1,21.88,117.73,32.81,13.04,4.16%,5.00,"34,883.95"
342,http://www.moneycontrol.com/india/stockpricequote/cementmajor/orientcement/OC10,"2,304.77",52.08,50.34,100.00%,1,35.54,2.16,13.52,2.23,0.89%,1.00,"2,304.77"
343,http://www.moneycontrol.com/india/stockpricequote/bankspublicsector/orientalbankcommerce/OBC,"4,777.39",-,164.08,0.00%,1,11.90,-,-,0.46,-%,10.00,"4,777.39"
344,http://www.moneycontrol.com/india/stockpricequote/personalcare/proctergamblehygienehealthcare/PGH,"32,071.21",78.59,162.08,3890.00%,1,65.60,125.71,68.55,60.96,3.94%,10.00,"32,071.21"
345,http://www.moneycontrol.com/india/stockpricequote/textilesreadymadeapparels/pageindustries/PI35,"30,844.09",88.89,907.99,970.00%,1,48.86,311.08,82.26,30.46,0.35%,10.00,"30,844.09"
346,http://www.moneycontrol.com/india/stockpricequote/foodprocessing/paragmilkfoods/PMF01,"2,671.48",34.04,88.52,5.00%,1,64.19,9.33,20.99,3.59,0.16%,10.00,"2,671.48"
347,http://www.moneycontrol.com/india/stockpricequote/diamondcuttingjewellerypreciousmetals/pcjeweller/PJ,"5,558.05",9.80,70.83,10.00%,1,23.91,14.38,9.46,1.99,0.71%,10.00,"5,558.05"
348,http://www.moneycontrol.com/india/stockpricequote/computerssoftware/persistentsystems/PS15,"6,608.00",19.32,269.57,90.00%,1,21.88,42.76,16.69,3.06,1.09%,10.00,"6,608.00"
349,http://www.moneycontrol.com/india/stockpricequote/oildrillingandexploration/petronetlng/PLN,"31,920.00",15.36,53.88,25.00%,1,14.80,13.85,12.82,3.95,1.17%,10.00,"31,920.00"
350,http://www.moneycontrol.com/india/stockpricequote/pharmaceuticals/pfizer/P,"11,933.75",33.14,607.45,200.00%,1,29.29,78.71,27.99,4.29,0.77%,10.00,"11,933.75"
351,http://www.moneycontrol.com/india/stockpricequote/constructioncontractingrealestate/phoenixmills/PM02,"9,758.93",63.01,158.76,120.00%,1,29.27,10.11,50.00,4.01,0.38%,2.00,"9,758.93"
352,http://www.moneycontrol.com/india/stockpricequote/pesticidesagrochemicals/piindustries/PII,"10,509.23",28.67,143.24,400.00%,1,37.28,26.58,23.40,5.32,0.52%,1.00,"10,509.23"
353,http://www.moneycontrol.com/india/stockpricequote/chemicals/pidiliteindustries/PI11,"53,592.84",56.11,85.74,475.00%,1,41.10,18.81,51.21,12.31,0.45%,1.00,"53,592.84"
354,http://www.moneycontrol.com/india/stockpricequote/pharmaceuticals/piramalenterprises/PH05,"45,873.21",88.48,897.64,1050.00%,1,29.29,28.71,72.80,2.83,0.83%,2.00,"45,873.21"
355,http://www.moneycontrol.com/india/stockpricequote/bankspublicsector/punjabnationalbank/PNB05,"22,056.98",-,93.97,0.00%,1,11.90,-,-,0.85,-%,2.00,"22,056.98"
356,http://www.moneycontrol.com/india/stockpricequote/financehousing/pnbhousingfinance/PHF,"20,299.01",24.44,382.80,60.00%,1,24.07,49.61,23.75,3.17,0.49%,10.00,"20,299.01"
357,http://www.moneycontrol.com/india/stockpricequote/constructioncontractingrealestate/pncinfratech/PI26,"3,830.13",15.25,71.07,25.00%,1,29.27,9.79,11.66,2.10,0.33%,2.00,"3,830.13"
358,http://www.moneycontrol.com/india/stockpricequote/computerssoftware/polarisconsultingservices/PSL01,"4,823.21",26.67,73.78,0.00%,1,21.88,17.55,23.58,6.34,-%,5.00,"4,823.21"
359,http://www.moneycontrol.com/india/stockpricequote/financetermlendinginstitutions/powerfinancecorporation/PFC02,"21,226.25",3.62,160.32,50.00%,1,5.47,22.18,3.62,0.50,6.22%,10.00,"21,226.25"
360,http://www.moneycontrol.com/india/stockpricequote/powergenerationdistribution/powergridcorporationindia/PGC,"100,158.78",12.16,110.95,10.00%,1,14.04,15.75,5.78,1.73,0.52%,10.00,"100,158.78"
361,http://www.moneycontrol.com/india/stockpricequote/engineeringheavy/prajindustries/PI17,"1,484.78",47.04,39.43,81.00%,1,22.07,1.74,28.13,2.08,1.98%,2.00,"1,484.78"
362,http://www.moneycontrol.com/india/stockpricequote/constructioncontractingrealestate/prestigeestatesprojects/PEP02,"10,441.88",44.98,132.66,12.00%,1,29.27,6.19,36.30,2.10,0.43%,10.00,"10,441.88"
363,http://www.moneycontrol.com/india/stockpricequote/cementmajor/prismjohnson/PC,"5,109.07",-,20.38,0.00%,1,35.54,1.40,22.86,4.98,-%,10.00,"5,109.07"
364,http://www.moneycontrol.com/india/stockpricequote/trading/ptcindia/PTC02,"2,332.55",7.31,114.66,30.00%,1,11.32,10.78,7.24,0.69,3.81%,10.00,"2,332.55"
365,http://www.moneycontrol.com/india/stockpricequote/financetermlendinginstitutions/ptcindiafinancialservices/PIF02,"1,107.94",45.39,38.05,15.00%,1,36.39,0.38,39.20,0.45,8.70%,10.00,"1,107.94"
366,http://www.moneycontrol.com/india/stockpricequote/mediaentertainment/pvr/PVR,"6,286.57",51.77,229.87,20.00%,1,33.99,25.98,23.94,5.85,0.15%,10.00,"6,286.57"
367,http://www.moneycontrol.com/india/stockpricequote/breweriesdistilleries/radicokhaitan/RK01,"5,324.96",43.14,86.52,40.00%,1,66.60,9.26,32.40,4.62,0.20%,2.00,"5,324.96"
368,http://www.moneycontrol.com/india/stockpricequote/cementmajor/rainindustries/RC12,"6,516.70",210.60,27.43,50.00%,1,35.54,0.92,206.12,7.06,0.52%,2.00,"6,516.70"
369,http://www.moneycontrol.com/india/stockpricequote/diamondcuttingjewellerypreciousmetals/rajeshexports/RE07,"17,863.23",40.50,141.66,110.00%,1,23.91,14.94,40.36,4.27,0.18%,1.00,"17,863.23"
370,http://www.moneycontrol.com/india/stockpricequote/pesticidesagrochemicals/rallisindia/RI03,"3,780.48",26.70,60.62,250.00%,1,37.28,7.28,20.77,3.21,1.29%,1.00,"3,780.48"
371,http://www.moneycontrol.com/india/stockpricequote/cementmajor/theramcocements/MC,"16,918.36",30.45,155.92,300.00%,1,35.54,23.15,19.95,4.52,0.43%,1.00,"16,918.36"
372,http://www.moneycontrol.com/india/stockpricequote/fertilisers/rashtriyachemicalsfertilisers/RCF01,"3,955.60",50.14,54.45,11.00%,1,14.11,1.43,18.34,1.32,1.53%,10.00,"3,955.60"
373,http://www.moneycontrol.com/india/stockpricequote/steeltubespipes/ratnamanimetalstubes/RMT,"4,303.65",28.36,286.49,275.00%,1,18.02,32.48,20.26,3.21,0.60%,2.00,"4,303.65"
374,http://www.moneycontrol.com/india/stockpricequote/powergenerationdistribution/rattanindiapower/IP09,"1,080.77",-,15.37,0.00%,1,11.32,-,-,0.24,-%,10.00,"1,080.77"
375,http://www.moneycontrol.com/india/stockpricequote/textileswoollenworsted/raymond/R,"5,849.29",59.63,214.57,30.00%,1,57.97,15.98,30.19,4.44,0.31%,10.00,"5,849.29"
376,http://www.moneycontrol.com/india/stockpricequote/banksprivatesector/rblbank/RB03,"23,508.01",37.01,158.92,18.00%,1,32.82,15.10,37.01,3.52,0.32%,10.00,"23,508.01"
377,http://www.moneycontrol.com/india/stockpricequote/financetermlendinginstitutions/ruralelectrificationcorporation/REC02,"21,230.37",4.57,192.27,96.50%,1,5.47,23.53,4.56,0.56,8.98%,10.00,"21,230.37"
378,http://www.moneycontrol.com/india/stockpricequote/computershardware/redingtonindia/RI37,"4,702.03",25.54,43.24,215.00%,1,28.31,4.60,23.79,2.72,3.66%,2.00,"4,702.03"
379,http://www.moneycontrol.com/india/stockpricequote/financeinvestments/reliancecapital/RC,"10,426.60",12.50,574.93,105.00%,1,36.39,33.00,12.20,0.72,2.54%,10.00,"10,426.60"
380,http://www.moneycontrol.com/india/stockpricequote/leatherproducts/relaxofootwears/RF07,"8,611.90",53.48,63.64,100.00%,1,41.69,13.38,39.97,11.24,0.14%,1.00,"8,611.90"
381,http://www.moneycontrol.com/india/stockpricequote/refineries/relianceindustries/RI,"620,092.45",18.45,496.59,60.00%,1,21.68,53.05,14.36,1.97,0.61%,10.00,"620,092.45"
382,http://www.moneycontrol.com/india/stockpricequote/telecommunicationsservice/reliancecommunications/RC13,"3,982.37",-,51.90,0.00%,1,338.81,-,-,0.28,-%,5.00,"3,982.37"
383,http://www.moneycontrol.com/india/stockpricequote/powergenerationdistribution/relianceinfrastructure/RI38,"10,990.35",6.60,861.61,90.00%,1,11.32,63.29,4.30,0.49,2.15%,10.00,"10,990.35"
384,http://www.moneycontrol.com/india/stockpricequote/shipping/reliancenavalengineering/PS04,944.12,-,2.93,0.00%,1,18.75,-,-,4.37,-%,10.00,944.12
385,http://www.moneycontrol.com/india/stockpricequote/powergenerationdistribution/reliancepower/RP,"9,509.38","3,390.00",59.91,0.00%,1,11.32,0.01,565.00,0.57,-%,10.00,"9,509.38"
386,http://www.moneycontrol.com/india/stockpricequote/financeinvestments/religareenterprises/RE09,887.70,-,96.05,0.00%,1,36.39,-,-,0.51,-%,10.00,887.70
387,http://www.moneycontrol.com/india/stockpricequote/financehousing/repcohomefinance/RHF,"3,393.64",16.46,214.73,20.00%,1,24.07,32.95,16.22,2.53,0.37%,10.00,"3,393.64"
388,http://www.moneycontrol.com/india/stockpricequote/computerssoftware/roltaindia/RI15,619.58,4.03,236.15,0.00%,1,21.88,9.29,2.44,0.16,-%,10.00,619.58
389,http://www.moneycontrol.com/india/stockpricequote/chemicals/shkelkarcompany/KC17,"3,287.95",47.66,47.56,0.00%,1,25.21,4.77,41.34,4.78,-%,10.00,"3,287.95"
390,http://www.moneycontrol.com/india/stockpricequote/infrastructuregeneral/sadbhavengineering/SE19,"4,906.92",22.24,109.67,75.00%,1,29.27,12.86,15.40,2.61,0.26%,1.00,"4,906.92"
391,http://www.moneycontrol.com/india/stockpricequote/steellarge/steelauthorityindia/SAI,"33,725.74",-,86.01,0.00%,1,16.62,-,13.06,0.95,-%,10.00,"33,725.74"
392,http://www.moneycontrol.com/india/stockpricequote/pharmaceuticals/sanofiindia/AP26,"12,021.52",34.50,868.77,710.00%,1,29.29,151.32,26.67,6.01,1.36%,10.00,"12,021.52"
393,http://www.moneycontrol.com/india/stockpricequote/bankspublicsector/statebankindia/SBI,"238,420.36",-,217.69,0.00%,1,11.90,-,-,1.23,-%,1.00,"238,420.36"
394,http://www.moneycontrol.com/india/stockpricequote/bearings/schaefflerindia/FAG,"8,832.41",35.82,1020.21,170.00%,1,33.87,148.38,27.80,5.21,0.32%,10.00,"8,832.41"
395,http://www.moneycontrol.com/india/stockpricequote/powergenerationdistribution/schneiderelectricinfrastructure/SEI04,"2,209.32",-,-6.59,0.00%,1,46.50,-,-,-,-%,2.00,"2,209.32"
396,http://www.moneycontrol.com/india/stockpricequote/pharmaceuticals/sequentscientific/PID01,"1,330.80",3.29,68.26,0.00%,1,29.29,16.60,3.26,0.80,-%,2.00,"1,330.80"
397,http://www.moneycontrol.com/india/stockpricequote/pesticidesagrochemicals/shardacropchem/SC04,"3,297.11",17.05,120.06,40.00%,1,37.28,21.43,12.53,3.04,1.09%,10.00,"3,297.11"
398,http://www.moneycontrol.com/india/stockpricequote/miscellaneous/sheelafoam/SF14,"7,317.42",58.12,111.99,0.00%,1,26.00,25.81,47.60,13.39,-%,5.00,"7,317.42"
399,http://www.moneycontrol.com/india/stockpricequote/pharmaceuticals/shilpamedicare/SM19,"3,190.15",23.63,133.62,60.00%,1,29.29,16.56,19.01,2.93,0.15%,1.00,"3,190.15"
400,http://www.moneycontrol.com/india/stockpricequote/shipping/shippingcorporationindia/SCI,"2,741.23",10.80,152.88,0.00%,1,17.64,5.45,3.17,0.38,-%,10.00,"2,741.23"
401,http://www.moneycontrol.com/india/stockpricequote/retail/shoppersstop/SS51,"4,752.34",409.17,88.03,15.00%,1,145.93,1.32,38.47,6.14,0.14%,5.00,"4,752.34"
402,http://www.moneycontrol.com/india/stockpricequote/cementmajor/shreecements/SC12,"55,463.30",40.07,2607.07,1400.00%,1,35.54,397.33,24.29,6.11,0.88%,10.00,"55,463.30"
403,http://www.moneycontrol.com/india/stockpricequote/sugar/shreerenukasugars/SRS03,"2,434.36",-,0.74,0.00%,1,9.53,-,-,17.16,-%,1.00,"2,434.36"
404,http://www.moneycontrol.com/india/stockpricequote/financeleasinghirepurchase/shriramcityunionfinance/SCU,"13,107.60",19.72,762.27,150.00%,1,36.39,100.77,18.78,2.61,0.75%,10.00,"13,107.60"
405,http://www.moneycontrol.com/india/stockpricequote/financeleasinghirepurchase/shriramtransportfinancecorporation/STF,"31,995.00",20.41,567.26,100.00%,1,36.39,69.11,19.95,2.49,0.71%,10.00,"31,995.00"
406,http://www.moneycontrol.com/india/stockpricequote/infrastructuregeneral/siemens/S,"35,271.93",29.47,216.35,350.00%,1,37.30,33.61,25.31,4.58,0.71%,2.00,"35,271.93"
407,http://www.moneycontrol.com/india/stockpricequote/mediaentertainment/sitinetworks/WWI,"1,212.15",-,3.67,0.00%,1,33.99,-,-,3.79,-%,1.00,"1,212.15"
408,http://www.moneycontrol.com/india/stockpricequote/powergenerationdistribution/sjvn/S11,"11,514.30",9.39,31.81,27.50%,1,11.32,3.12,7.25,0.92,9.39%,10.00,"11,514.30"
409,http://www.moneycontrol.com/india/stockpricequote/bearings/skfindia/SKF01,"8,953.34",30.25,410.17,150.00%,1,33.87,57.65,26.20,4.25,0.86%,10.00,"8,953.34"
410,http://www.moneycontrol.com/india/stockpricequote/autolcvshcvs/smlisuzu/SM,"1,094.85",128.88,284.01,0.00%,1,36.01,5.87,29.67,2.66,-%,10.00,"1,094.85"
411,http://www.moneycontrol.com/india/stockpricequote/constructioncontractingrealestate/sobha/SD6,"4,554.50",23.49,285.41,20.00%,1,29.27,20.44,18.64,1.68,0.42%,10.00,"4,554.50"
412,http://www.moneycontrol.com/india/stockpricequote/chemicals/solarindustriesindia/SII04,"10,542.09",78.50,87.62,250.00%,1,72.67,14.84,65.74,13.30,0.43%,2.00,"10,542.09"
413,http://www.moneycontrol.com/india/stockpricequote/ceramicsgranite/somanyceramics/SC49,"2,209.88",33.95,134.72,135.00%,1,24.23,15.36,23.99,3.87,0.52%,2.00,"2,209.88"
414,http://www.moneycontrol.com/india/stockpricequote/computerssoftwaremediumsmall/sonatasoftware/SS42,"3,334.08",22.03,57.76,900.00%,1,21.88,14.39,21.34,5.49,2.84%,1.00,"3,334.08"
415,http://www.moneycontrol.com/india/stockpricequote/banksprivatesector/southindianbank/SIB,"4,143.75",12.38,27.64,40.00%,1,32.82,1.85,10.41,0.83,1.75%,1.00,"4,143.75"
416,http://www.moneycontrol.com/india/stockpricequote/transportlogistics/spicejet/SJ01,"6,806.76",12.02,-0.71,0.00%,1,18.59,9.45,8.53,-,-%,10.00,"6,806.76"
417,http://www.moneycontrol.com/india/stockpricequote/financeleasinghirepurchase/sreiinfrastructurefinance/SRE02,"3,446.14",27.96,59.40,5.00%,1,36.39,2.45,19.52,1.15,0.73%,10.00,"3,446.14"
418,http://www.moneycontrol.com/india/stockpricequote/textilesmanmade/srf/SRF,"9,647.79",23.78,618.16,120.00%,1,23.51,70.65,14.11,2.72,0.71%,10.00,"9,647.79"
419,http://www.moneycontrol.com/india/stockpricequote/cablestelephone/sterlitetechnologies/ST20,"11,201.35",43.66,26.65,100.00%,1,28.92,6.39,26.25,10.47,0.72%,2.00,"11,201.35"
420,http://www.moneycontrol.com/india/stockpricequote/pharmaceuticals/stridesshasun/SA10,"3,448.08",3.89,360.99,45.00%,1,29.29,98.97,3.58,1.07,1.17%,10.00,"3,448.08"
421,http://www.moneycontrol.com/india/stockpricequote/dyespigments/sudarshanchemicalindustries/SCI08,"3,018.31",34.28,69.84,175.00%,1,22.10,12.72,20.64,6.24,0.80%,2.00,"3,018.31"
422,http://www.moneycontrol.com/india/stockpricequote/pharmaceuticals/sunpharmaceuticalindustries/SPI,"137,469.30",-,84.93,350.00%,1,29.29,-,-,6.75,0.61%,1.00,"137,469.30"
423,http://www.moneycontrol.com/india/stockpricequote/pharmaceuticals/sunpharmaadvancedresearchcompany/SPA,"9,494.18",-,-1.47,0.00%,1,37.84,-,-,-,-%,1.00,"9,494.18"
424,http://www.moneycontrol.com/india/stockpricequote/mediaentertainment/suntvnetwork/STN01,"31,903.12",29.18,129.79,200.00%,1,33.99,27.74,20.82,6.24,1.24%,5.00,"31,903.12"
425,http://www.moneycontrol.com/india/stockpricequote/fasteners/sundramfasteners/SF23,"13,158.24",35.80,79.98,450.00%,1,35.18,17.49,28.26,7.83,0.72%,1.00,"13,158.24"
426,http://www.moneycontrol.com/india/stockpricequote/constructioncontractingrealestate/sunteckrealty/SR05,"5,688.73",46.01,67.15,150.00%,1,29.27,8.45,45.69,5.79,0.39%,1.00,"5,688.73"
427,http://www.moneycontrol.com/india/stockpricequote/plastics/supremeindustries/SI48,"14,862.78",36.29,136.43,600.00%,1,35.44,32.24,25.77,8.58,1.03%,2.00,"14,862.78"
428,http://www.moneycontrol.com/india/stockpricequote/pharmaceuticals/suvenlifesciences/SLS01,"2,683.75",16.94,69.92,100.00%,1,29.29,12.45,14.93,3.02,0.47%,1.00,"2,683.75"
429,http://www.moneycontrol.com/india/stockpricequote/powergenerationdistribution/suzlonenergy/SE17,"4,085.59",-,-0.14,0.00%,1,22.07,-,-,-,-%,2.00,"4,085.59"
430,http://www.moneycontrol.com/india/stockpricequote/trading/swanenergy/SM09,"3,785.98",52.01,21.05,7.50%,1,21.21,2.98,48.44,7.36,0.05%,1.00,"3,785.98"
431,http://www.moneycontrol.com/india/stockpricequote/consumergoodswhitegoods/symphony/SCS04,"10,283.68",56.21,91.61,225.00%,1,48.54,26.15,54.91,16.05,0.31%,2.00,"10,283.68"
432,http://www.moneycontrol.com/india/stockpricequote/bankspublicsector/syndicatebank/SB9,"6,200.57",-,94.49,0.00%,1,11.90,-,-,0.46,-%,10.00,"6,200.57"
433,http://www.moneycontrol.com/india/stockpricequote/miscellaneous/syngeneinternational/SI10,"11,600.00",38.01,85.91,10.00%,1,37.84,15.26,26.57,6.75,0.17%,10.00,"11,600.00"
434,http://www.moneycontrol.com/india/stockpricequote/computerssoftwaremediumsmall/takesolutions/TS09,"3,366.60",220.92,33.98,100.00%,1,21.88,1.03,210.69,6.70,0.44%,1.00,"3,366.60"
435,http://www.moneycontrol.com/india/stockpricequote/paper/tamilnadunewsprintpapers/TNN,"1,776.29",-,240.19,75.00%,1,12.92,-,9.89,1.07,2.92%,10.00,"1,776.29"
436,http://www.moneycontrol.com/india/stockpricequote/chemicals/tatachemicals/TC,"17,960.32",10.16,416.96,110.00%,1,9.53,69.36,9.48,1.69,1.56%,10.00,"17,960.32"
437,http://www.moneycontrol.com/india/stockpricequote/plantationsteacoffee/tatacoffee/TC14,"2,182.41",34.78,49.27,150.00%,1,30.94,3.36,25.63,2.37,1.28%,1.00,"2,182.41"
438,http://www.moneycontrol.com/india/stockpricequote/telecommunicationsservice/tatacommunications/TC17,"16,900.50",63.35,334.10,60.00%,1,338.81,9.36,15.41,1.77,1.01%,10.00,"16,900.50"
439,http://www.moneycontrol.com/india/stockpricequote/computerssoftware/tataelxsi/TE,"8,406.39",35.02,89.76,160.00%,1,21.88,38.54,31.67,15.04,1.19%,10.00,"8,406.39"
440,http://www.moneycontrol.com/india/stockpricequote/plantationsteacoffee/tataglobalbeverage/TT,"16,832.23",31.49,66.76,250.00%,1,30.94,8.47,29.97,3.99,0.94%,1.00,"16,832.23"
441,http://www.moneycontrol.com/india/stockpricequote/financeinvestments/tatainvestmentcorporation/TIC,"4,687.23",19.74,486.81,180.00%,1,36.39,43.10,19.73,1.75,2.12%,10.00,"4,687.23"
442,http://www.moneycontrol.com/india/stockpricequote/autolcvshcvs/tatamotors/TM03,"80,080.62",-,68.13,0.00%,1,36.01,-,39.56,4.07,-%,2.00,"80,080.62"
443,http://www.moneycontrol.com/india/stockpricequote/autolcvshcvs/tatamotorsdvr/TMD,"5,323.37",-,68.13,0.00%,1,36.01,-,23.67,2.44,-%,2.00,"5,323.37"
444,http://www.moneycontrol.com/india/stockpricequote/powergenerationdistribution/tatapowercompany/TPC,"20,285.80",-,43.99,130.00%,1,11.32,-,-,1.70,1.73%,1.00,"20,285.80"
445,http://www.moneycontrol.com/india/stockpricequote/steelspongeiron/tataspongeiron/TSI,"1,622.39",11.52,640.54,200.00%,1,9.39,91.47,10.59,1.64,1.90%,10.00,"1,622.39"
446,http://www.moneycontrol.com/india/stockpricequote/steellarge/tatasteel/TIS,"66,148.30",15.86,478.87,100.00%,1,16.62,34.63,8.38,1.15,1.82%,10.00,"66,148.30"
447,http://www.moneycontrol.com/india/stockpricequote/computerssoftware/tataconsultancyservices/TCS,"709,320.12",28.10,198.16,5000.00%,1,21.88,65.93,26.38,9.35,2.70%,1.00,"709,320.12"
448,http://www.moneycontrol.com/india/stockpricequote/computerssoftware/techmahindra/TM4,"67,472.47",16.87,172.35,180.00%,1,21.88,40.80,14.49,3.99,1.31%,5.00,"67,472.47"
449,http://www.moneycontrol.com/india/stockpricequote/electricequipment/technoelectricengineeringcompany/TEE,"3,054.82",23.09,87.31,0.00%,1,22.07,11.74,22.63,3.11,-%,2.00,"3,054.82"
450,http://www.moneycontrol.com/india/stockpricequote/infrastructuregeneral/texmacorailengineering/TRE,"1,532.32",151.41,47.51,25.00%,1,22.07,0.46,53.17,1.47,0.36%,1.00,"1,532.32"
451,http://www.moneycontrol.com/india/stockpricequote/infrastructuregeneral/thermax/T,"12,472.09",52.36,222.23,300.00%,1,28.26,19.99,41.24,4.71,0.57%,2.00,"12,472.09"
452,http://www.moneycontrol.com/india/stockpricequote/miscellaneous/thomascookindia/TCI,"10,147.65",19.09,31.32,37.50%,1,21.39,14.35,18.45,8.75,0.14%,1.00,"10,147.65"
453,http://www.moneycontrol.com/india/stockpricequote/hospitalsmedicalservices/thyrocaretechnologies/TT16,"3,105.22",32.33,96.14,100.00%,1,50.52,17.88,28.71,6.01,1.73%,10.00,"3,105.22"
454,http://www.moneycontrol.com/india/stockpricequote/miscellaneous/tifinancialholdings/TII,"11,219.37",189.24,51.63,125.00%,1,36.39,3.16,189.24,11.58,0.21%,1.00,"11,219.37"
455,http://www.moneycontrol.com/india/stockpricequote/bearings/timkenindia/TI23,"5,086.40",55.24,104.39,10.00%,1,33.87,13.54,37.63,7.17,0.13%,10.00,"5,086.40"
456,http://www.moneycontrol.com/india/stockpricequote/infrastructuregeneral/titagarhwagons/TW04,"1,106.65",383.20,77.72,40.00%,1,22.07,0.25,69.42,1.23,0.84%,2.00,"1,106.65"
457,http://www.moneycontrol.com/india/stockpricequote/miscellaneous/titancompany/TI01,"77,583.63",66.71,61.67,260.00%,1,65.55,13.10,60.98,14.17,0.30%,1.00,"77,583.63"
458,http://www.moneycontrol.com/india/stockpricequote/pharmaceuticals/torrentpharmaceuticals/TP06,"24,689.78",51.23,263.18,280.00%,1,29.29,28.48,28.51,5.54,0.96%,5.00,"24,689.78"
459,http://www.moneycontrol.com/india/stockpricequote/powergenerationdistribution/torrentpower/TP14,"10,950.85",11.88,162.42,22.00%,1,11.32,19.18,5.39,1.40,0.97%,10.00,"10,950.85"
460,http://www.moneycontrol.com/india/stockpricequote/retail/trent/T04,"10,368.28",88.89,49.88,100.00%,1,70.62,3.51,65.41,6.26,0.32%,1.00,"10,368.28"
461,http://www.moneycontrol.com/india/stockpricequote/textilesspinningcottonblended/trident/AI01,"2,851.19",10.80,58.64,15.00%,1,14.02,5.18,4.27,0.95,2.68%,10.00,"2,851.19"
462,http://www.moneycontrol.com/india/stockpricequote/electricequipment/triveniturbine/TT14,"3,791.38",38.56,14.97,120.00%,1,31.71,2.98,32.28,7.68,1.04%,1.00,"3,791.38"
463,http://www.moneycontrol.com/india/stockpricequote/domesticappliances/ttkprestige/TTK02,"6,771.64",26.36,962.42,270.00%,1,48.54,222.38,24.01,6.09,0.46%,10.00,"6,771.64"
464,http://www.moneycontrol.com/india/stockpricequote/mediaentertainment/tvtodaynetwork/TVT,"2,559.14",21.80,125.58,40.00%,1,33.99,19.68,17.22,3.42,0.47%,5.00,"2,559.14"
465,http://www.moneycontrol.com/india/stockpricequote/mediaentertainment/tv18broadcast/IBN,"9,694.71",100.98,22.13,0.00%,1,33.99,0.56,84.40,2.56,-%,2.00,"9,694.71"
466,http://www.moneycontrol.com/india/stockpricequote/auto23wheelers/tvsmotorcompany/TVS,"27,614.44",41.67,64.64,250.00%,1,21.74,13.95,27.57,8.99,0.43%,1.00,"27,614.44"
467,http://www.moneycontrol.com/india/stockpricequote/tyres/tvssrichakra/TVS03,"2,354.54",20.02,904.51,507.00%,1,26.65,153.60,12.67,3.40,1.65%,10.00,"2,354.54"
468,http://www.moneycontrol.com/india/stockpricequote/bankspublicsector/ucobank/UCO,"7,494.99",-,23.06,0.00%,1,11.90,-,-,0.82,-%,10.00,"7,494.99"
469,http://www.moneycontrol.com/india/stockpricequote/packaging/uflex/U01,"1,934.55",19.16,296.73,35.00%,1,22.73,13.98,6.00,0.90,1.31%,10.00,"1,934.55"
470,http://www.moneycontrol.com/india/stockpricequote/financegeneral/ujjivanfinancialservices/UFS01,"4,651.32","12,818.33",145.06,5.00%,1,36.39,0.03,"9,613.75",2.65,0.13%,10.00,"4,651.32"
471,http://www.moneycontrol.com/india/stockpricequote/cementmajor/ultratechcement/UTC01,"104,891.56",47.01,953.06,100.00%,1,35.54,81.25,26.26,4.01,0.26%,10.00,"104,891.56"
472,http://www.moneycontrol.com/india/stockpricequote/pharmaceuticals/unichemlaboratories/UL02,"1,678.24",0.66,523.65,150.00%,1,29.29,363.48,0.65,0.46,1.26%,2.00,"1,678.24"
473,http://www.moneycontrol.com/india/stockpricequote/bankspublicsector/unionbankindia/UBI01,"9,745.90",-,214.76,0.00%,1,11.90,-,-,0.39,-%,10.00,"9,745.90"
474,http://www.moneycontrol.com/india/stockpricequote/constructioncontractingcivil/unitech/U,"1,111.93",-,31.08,0.00%,1,29.27,-,-,0.14,-%,2.00,"1,111.93"
475,http://www.moneycontrol.com/india/stockpricequote/breweriesdistilleries/unitedbreweries/UB02,"32,204.55",81.74,103.12,115.00%,1,66.60,14.90,49.27,11.81,0.09%,1.00,"32,204.55"
476,http://www.moneycontrol.com/india/stockpricequote/chemicals/upl/UP04,"32,564.82",59.42,161.32,350.00%,1,37.28,10.76,26.83,3.96,1.09%,2.00,"32,564.82"
477,http://www.moneycontrol.com/india/stockpricequote/electricequipment/vguardindustries/VI02,"8,490.80",63.71,14.96,70.00%,1,46.50,3.13,55.85,13.33,0.35%,1.00,"8,490.80"
478,http://www.moneycontrol.com/india/stockpricequote/infrastructuregeneral/vatechwabag/VTW,"2,234.39",19.08,172.20,200.00%,1,28.26,21.43,17.70,2.37,0.98%,2.00,"2,234.39"
479,http://www.moneycontrol.com/india/stockpricequote/computerssoftwaremediumsmall/vakrangee/VS,"6,125.18",9.24,19.46,200.00%,1,21.88,6.26,9.18,2.97,3.46%,1.00,"6,125.18"
480,http://www.moneycontrol.com/india/stockpricequote/textilesspinningcottonblended/vardhmantextiles/VT10,"6,973.25",12.78,694.17,150.00%,1,14.02,95.01,9.01,1.75,1.24%,10.00,"6,973.25"
481,http://www.moneycontrol.com/india/stockpricequote/foodprocessing/varunbeverages/VB05,"13,451.39",55.51,125.77,25.00%,1,49.34,13.27,26.07,5.86,0.34%,10.00,"13,451.39"
482,http://www.moneycontrol.com/india/stockpricequote/miningminerals/vedanta/SG,"86,090.27",11.86,234.11,1945.00%,1,14.03,19.52,8.52,0.99,8.40%,1.00,"86,090.27"
483,http://www.moneycontrol.com/india/stockpricequote/consumergoodselectronic/videoconindustries/VLF,275.59,-,250.88,0.00%,1,25.03,-,-,0.03,-%,10.00,275.59
484,http://www.moneycontrol.com/india/stockpricequote/bankspublicsector/vijayabank/VB03,"6,840.26",9.42,75.43,12.00%,1,11.90,5.57,8.25,0.70,2.29%,10.00,"6,840.26"
485,http://www.moneycontrol.com/india/stockpricequote/chemicals/vinatiorganics/VO01,"4,942.79",34.35,160.32,25.00%,1,30.85,28.00,29.56,6.00,0.05%,2.00,"4,942.79"
486,http://www.moneycontrol.com/india/stockpricequote/plastics/vipindustries/VIP,"5,961.47",50.28,36.63,120.00%,1,35.44,8.39,46.05,11.52,0.57%,2.00,"5,961.47"
487,http://www.moneycontrol.com/india/stockpricequote/diversified/voltas/V,"17,371.45",34.65,105.36,350.00%,1,21.68,15.15,33.38,4.98,0.67%,1.00,"17,371.45"
488,http://www.moneycontrol.com/india/stockpricequote/cigarettes/vstindustries/VST,"4,535.45",24.94,463.87,750.00%,1,28.45,117.79,20.52,6.33,2.55%,10.00,"4,535.45"
489,http://www.moneycontrol.com/india/stockpricequote/autoancillaries/wabcoindia/WAB,"13,245.06",48.55,811.52,140.00%,1,63.00,143.84,39.59,8.60,0.10%,5.00,"13,245.06"
490,http://www.moneycontrol.com/india/stockpricequote/steeltubespipes/welspuncorp/WGS,"3,115.08",24.78,72.97,10.00%,1,18.02,4.74,8.57,1.61,0.43%,5.00,"3,115.08"
491,http://www.moneycontrol.com/india/stockpricequote/textilesweaving/welspunindia/WI03,"5,566.18",18.28,24.93,65.00%,1,18.84,3.03,7.21,2.22,1.17%,1.00,"5,566.18"
492,http://www.moneycontrol.com/india/stockpricequote/hotels/westlifedevelopment/DIC,"5,103.28","2,981.82",30.79,0.00%,1,65.69,0.11,"2,981.82",10.65,-%,2.00,"5,103.28"
493,http://www.moneycontrol.com/india/stockpricequote/consumergoodswhitegoods/whirlpoolindia/WI,"19,792.01",56.44,144.53,30.00%,1,48.54,27.64,43.77,10.79,0.19%,10.00,"19,792.01"
494,http://www.moneycontrol.com/india/stockpricequote/computerssoftware/wipro/W,"125,220.98",16.21,95.95,50.00%,1,21.88,15.87,14.33,2.68,0.39%,2.00,"125,220.98"
495,http://www.moneycontrol.com/india/stockpricequote/pharmaceuticals/wockhardt/W05,"7,246.28",105.47,116.42,200.00%,1,29.29,6.21,41.43,5.63,1.53%,5.00,"7,246.28"
496,http://www.moneycontrol.com/india/stockpricequote/miscellaneous/wonderlaholidays/WH01,"1,854.63",48.20,84.00,10.00%,1,21.39,6.81,24.72,3.91,0.30%,10.00,"1,854.63"
497,http://www.moneycontrol.com/india/stockpricequote/banksprivatesector/yesbank/YB,"77,430.50",18.33,111.74,135.00%,1,32.82,18.33,17.38,3.01,0.80%,2.00,"77,430.50"
498,http://www.moneycontrol.com/india/stockpricequote/mediaentertainment/zeeentertainmententerprises/ZEE,"53,651.47",28.08,46.04,250.00%,1,33.99,19.89,26.18,12.13,0.45%,1.00,"53,651.47"
499,http://www.moneycontrol.com/india/stockpricequote/computerssoftware/zensartechnologies/ZT02,"5,678.83",29.48,293.53,120.00%,1,21.88,42.80,23.79,4.30,0.95%,10.00,"5,678.83"
