,Unnamed: 0,Link,MARKET CAP (Rs Cr),P/E,BOOK VALUE (Rs),DIV (%),Market Lot,INDUSTRY P/E,EPS (TTM),P/C,PRICE/BOOK,DIV YIELD.(%),FACE VALUE (Rs),DELIVERABLES (%),codes,sector,name
0,0,http://www.moneycontrol.com/india/stockpricequote/diversified/3mindia/MI42,22493.81,72.44,1364.33,0.00,1,21.68,275.66,63.84,14.64,,10.0,"22,493.81",MI42,diversified,3mindia
1,1,http://www.moneycontrol.com/india/stockpricequote/computerssoftware/8kmilessoftwareservices/PMS01,1547.24,316.88,28.49,0.00,1,21.88,1.60,271.12,17.80,,5.0,"1,547.24",PMS01,computerssoftware,8kmilessoftwareservices
2,2,http://www.moneycontrol.com/india/stockpricequote/chemicals/aartiindustries/AI45,10081.20,31.86,200.01,20.00,1,24.17,38.92,22.29,6.20,0.08,5.0,"10,081.20",AI45,chemicals,aartiindustries
3,3,http://www.moneycontrol.com/india/stockpricequote/oildrillingandexploration/abanoffshore/AO04,671.49,78.27,701.88,0.00,1,11.12,1.47,3.96,0.16,,2.0,671.49,AO04,oildrillingandexploration,abanoffshore
4,4,http://www.moneycontrol.com/india/stockpricequote/infrastructuregeneral/abbindia/ABB,25235.11,58.35,170.21,200.00,1,46.5,20.41,42.74,7.00,0.34,2.0,"25,235.11",ABB,infrastructuregeneral,abbindia
5,5,http://www.moneycontrol.com/india/stockpricequote/pharmaceuticals/abbottindia/AI51,15947.39,39.74,841.52,400.00,1,29.29,188.83,38.20,8.92,0.53,10.0,"15,947.39",AI51,pharmaceuticals,abbottindia
6,6,http://www.moneycontrol.com/india/stockpricequote/cementmajor/acc/ACC06,25548.46,26.92,498.72,260.00,1,35.54,50.54,16.08,2.73,1.91,10.0,"25,548.46",ACC06,cementmajor,acc
7,7,http://www.moneycontrol.com/india/stockpricequote/trading/adanienterprises/AE13,14374.52,73.02,36.04,40.00,1,46.61,1.79,50.46,3.63,0.31,1.0,"14,374.52",AE13,trading,adanienterprises
8,8,http://www.moneycontrol.com/india/stockpricequote/infrastructuregeneral/adaniportsspecialeconomiczone/MPS,75682.93,30.28,93.06,65.00,1,37.84,12.07,25.48,3.93,0.36,2.0,"75,682.93",MPS,infrastructuregeneral,adaniportsspecialeconomiczone
11,11,http://www.moneycontrol.com/india/stockpricequote/retail/adityabirlafashionretail/PFR,10966.18,92.88,12.43,0.00,1,70.62,1.53,27.49,11.43,,10.0,"10,966.18",PFR,retail,adityabirlafashionretail
12,12,http://www.moneycontrol.com/india/stockpricequote/pharmaceuticals/advancedenzymetechnologies/AET,2411.61,67.29,26.06,20.00,1,24.88,3.21,55.24,8.29,0.19,2.0,"2,411.61",AET,pharmaceuticals,advancedenzymetechnologies
13,13,http://www.moneycontrol.com/india/stockpricequote/transportlogistics/aegislogistics/AL9,6963.90,69.04,16.74,105.00,1,41.99,3.02,58.57,12.46,0.50,1.0,"6,963.90",AL9,transportlogistics,aegislogistics
14,14,http://www.moneycontrol.com/india/stockpricequote/castingsforgings/aiaengineering/AIE01,14232.94,30.29,306.61,400.00,1,27.25,49.82,26.64,4.92,0.53,2.0,"14,232.94",AIE01,castingsforgings,aiaengineering
15,15,http://www.moneycontrol.com/india/stockpricequote/pharmaceuticals/ajantapharma/AP22,8929.17,20.89,219.44,0.00,1,29.29,48.57,18.42,4.62,,2.0,"8,929.17",AP22,pharmaceuticals,ajantapharma
16,16,http://www.moneycontrol.com/india/stockpricequote/paintsvarnishes/akzonobelindia/ICI,8685.82,21.69,301.8,220.00,1,55.61,85.84,18.93,6.17,1.18,10.0,"8,685.82",ICI,paintsvarnishes,akzonobelindia
17,17,http://www.moneycontrol.com/india/stockpricequote/pharmaceuticals/alembicpharmaceuticals/AP35,9738.73,23.07,121.44,200.00,1,29.29,22.39,18.60,4.25,0.77,2.0,"9,738.73",AP35,pharmaceuticals,alembicpharmaceuticals
18,18,http://www.moneycontrol.com/india/stockpricequote/pharmaceuticals/alkemlaboratories/AL05,23319.96,32.58,427.26,300.00,1,29.29,59.87,28.32,4.56,0.31,2.0,"23,319.96",AL05,pharmaceuticals,alkemlaboratories
20,20,http://www.moneycontrol.com/india/stockpricequote/transportlogistics/allcargologistics/AGL02,2625.26,91.32,55.81,100.00,1,41.99,1.17,20.12,1.91,1.87,2.0,"2,625.26",AGL02,transportlogistics,allcargologistics
21,21,http://www.moneycontrol.com/india/stockpricequote/autoancillaries/amararajabatteries/ARB,12783.61,27.13,179.4,425.00,1,29.92,27.59,18.22,4.17,0.57,1.0,"12,783.61",ARB,autoancillaries,amararajabatteries
22,22,http://www.moneycontrol.com/india/stockpricequote/cementmajor/ambujacements/AC18,42204.89,33.11,100.59,180.00,1,35.54,6.42,22.83,2.11,1.69,2.0,"42,204.89",AC18,cementmajor,ambujacements
24,24,http://www.moneycontrol.com/india/stockpricequote/electricequipment/aparindustries/AI40,2642.45,18.34,285.38,100.00,1,16.17,37.65,13.64,2.42,1.45,10.0,"2,642.45",AI40,electricequipment,aparindustries
25,25,http://www.moneycontrol.com/india/stockpricequote/steeltubespipes/aplapollotubes/BT09,4105.73,39.04,213.34,120.00,1,18.02,44.32,27.52,8.11,0.69,10.0,"4,105.73",BT09,steeltubespipes,aplapollotubes
26,26,http://www.moneycontrol.com/india/stockpricequote/hospitalsmedicalservices/apollohospitalsenterprises/AHE,14205.37,60.92,274.01,120.00,1,50.52,16.76,28.12,3.73,0.59,5.0,"14,205.37",AHE,hospitalsmedicalservices,apollohospitalsenterprises
27,27,http://www.moneycontrol.com/india/stockpricequote/tyres/apollotyres/AT14,15265.15,24.53,104.18,300.00,1,26.65,10.88,15.47,2.56,1.12,1.0,"15,265.15",AT14,tyres,apollotyres
28,28,http://www.moneycontrol.com/india/stockpricequote/textilesdenim/arvind/A18,10493.39,43.03,135.03,24.00,1,35.53,9.43,23.19,3.00,0.59,10.0,"10,493.39",A18,textilesdenim,arvind
29,29,http://www.moneycontrol.com/india/stockpricequote/glassglassproducts/asahiindiaglass/AIG01,8088.82,43.67,28.21,100.00,1,40.73,7.62,29.19,11.80,0.30,1.0,"8,088.82",AIG01,glassglassproducts,asahiindiaglass
30,30,http://www.moneycontrol.com/india/stockpricequote/autolcvshcvs/ashokleyland/AL,38978.49,24.96,26.23,156.00,1,36.01,5.32,18.42,5.06,1.17,1.0,"38,978.49",AL,autolcvshcvs,ashokleyland
31,31,http://www.moneycontrol.com/india/stockpricequote/constructioncontractingcivil/ashokabuildcon/AB,4264.19,16.92,112.28,32.00,1,29.27,13.47,13.97,2.03,0.70,5.0,"4,264.19",AB,constructioncontractingcivil,ashokabuildcon
32,32,http://www.moneycontrol.com/india/stockpricequote/paintsvarnishes/asianpaints/AP31,121952.41,64.34,81.3,870.00,1,55.61,19.76,55.28,15.64,0.68,1.0,"121,952.41",AP31,paintsvarnishes,asianpaints
33,33,http://www.moneycontrol.com/india/stockpricequote/telecommunicationsequipment/astramicrowaveproducts/AMP01,886.04,14.59,59.44,50.00,1,28.26,7.01,10.10,1.72,0.98,2.0,886.04,AMP01,telecommunicationsequipment,astramicrowaveproducts
34,34,http://www.moneycontrol.com/india/stockpricequote/plastics/astralpolytechnik/APT02,12360.22,103.81,69.71,50.00,1,84.26,9.94,74.61,14.80,0.05,1.0,"12,360.22",APT02,plastics,astralpolytechnik
35,35,http://www.moneycontrol.com/india/stockpricequote/pharmaceuticals/astrazenecapharma/AZP,3581.25,137.48,82.55,0.00,1,29.29,10.42,87.78,17.35,,2.0,"3,581.25",AZP,pharmaceuticals,astrazenecapharma
36,36,http://www.moneycontrol.com/india/stockpricequote/dyespigments/atul/A06,7898.18,29.21,738.73,100.00,1,22.1,91.16,21.05,3.60,0.38,10.0,"7,898.18",A06,dyespigments,atul
37,37,http://www.moneycontrol.com/india/stockpricequote/pharmaceuticals/aurobindopharma/AP,35573.38,19.62,174.92,250.00,1,29.29,30.94,16.41,3.47,0.41,1.0,"35,573.38",AP,pharmaceuticals,aurobindopharma
38,38,http://www.moneycontrol.com/india/stockpricequote/aquaculture/avantifeeds/AF21,8208.80,6.59,217.4,450.00,1,24.17,91.37,6.37,2.77,1.49,2.0,"8,208.80",AF21,aquaculture,avantifeeds
39,39,http://www.moneycontrol.com/india/stockpricequote/retail/avenuesupermarts/AS19,91384.69,116.49,74.06,0.00,1,145.93,12.57,97.30,19.77,,10.0,"91,384.69",AS19,retail,avenuesupermarts
40,40,http://www.moneycontrol.com/india/stockpricequote/banksprivatesector/axisbank/AB16,132094.59,480.75,217.28,0.00,1,32.82,1.07,156.35,2.37,,2.0,"132,094.59",AB16,banksprivatesector,axisbank
41,41,http://www.moneycontrol.com/india/stockpricequote/auto23wheelers/bajajauto/BA10,81288.98,19.98,729.25,550.00,1,21.74,140.59,18.55,3.85,1.96,10.0,"81,288.98",BA10,auto23wheelers,bajajauto
42,42,http://www.moneycontrol.com/india/stockpricequote/personalcare/bajajcorp/BC02,5839.53,27.01,48.68,1150.00,1,65.6,14.66,26.17,8.13,2.90,1.0,"5,839.53",BC02,personalcare,bajajcorp
43,43,http://www.moneycontrol.com/india/stockpricequote/domesticappliances/bajajelectricals/BE,5437.00,64.99,93.53,140.00,1,48.54,8.19,46.25,5.69,0.53,2.0,"5,437.00",BE,domesticappliances,bajajelectricals
44,44,http://www.moneycontrol.com/india/stockpricequote/financeleasinghirepurchase/bajajfinance/BAF,136978.51,51.76,285.81,200.00,1,36.39,45.79,49.83,8.29,0.17,2.0,"136,978.51",BAF,financeleasinghirepurchase,bajajfinance
45,45,http://www.moneycontrol.com/india/stockpricequote/financeinvestments/bajajfinserv/BF04,97132.88,687.36,182.7,35.00,1,36.39,8.88,680.47,33.41,0.03,5.0,"97,132.88",BF04,financeinvestments,bajajfinserv
47,47,http://www.moneycontrol.com/india/stockpricequote/financeinvestments/bajajholdingsinvestment/BHI,34262.82,26.08,777.2,325.00,1,36.39,118.03,25.98,3.96,1.06,10.0,"34,262.82",BHI,financeinvestments,bajajholdingsinvestment
48,48,http://www.moneycontrol.com/india/stockpricequote/tyres/balkrishnaindustries/BI03,20685.91,27.98,183.56,400.00,1,26.65,38.24,19.69,5.83,0.75,2.0,"20,685.91",BI03,tyres,balkrishnaindustries
49,49,http://www.moneycontrol.com/india/stockpricequote/diversified/balmerlawriecompany/BLC,2393.48,12.95,118.49,70.00,1,21.68,16.21,11.32,1.77,3.33,10.0,"2,393.48",BLC,diversified,balmerlawriecompany
50,50,http://www.moneycontrol.com/india/stockpricequote/sugar/balrampurchinimills/BCM,1525.90,6.90,77.12,350.00,1,9.53,9.68,4.82,0.87,5.24,1.0,"1,525.90",BCM,sugar,balrampurchinimills
54,54,http://www.moneycontrol.com/india/stockpricequote/chemicals/basfindia/BAS,8483.99,34.42,311.59,10.00,1,24.17,56.95,21.22,6.29,0.05,10.0,"8,483.99",BAS,chemicals,basfindia
55,55,http://www.moneycontrol.com/india/stockpricequote/leatherproducts/bataindia/BI01,10822.66,48.39,120.51,70.00,1,41.69,17.40,38.10,6.99,0.42,5.0,"10,822.66",BI01,leatherproducts,bataindia
56,56,http://www.moneycontrol.com/india/stockpricequote/pesticidesagrochemicals/bayercropscience/BC12,15859.54,52.85,686.13,170.00,1,37.28,87.41,47.60,6.73,0.37,10.0,"15,859.54",BC12,pesticidesagrochemicals,bayercropscience
57,57,http://www.moneycontrol.com/india/stockpricequote/infrastructuregeneral/beml/BEM03,3614.95,27.93,554.91,80.00,1,22.07,31.08,18.66,1.56,0.92,10.0,"3,614.95",BEM03,infrastructuregeneral,beml
58,58,http://www.moneycontrol.com/india/stockpricequote/paintsvarnishes/bergerpaintsindia/BPI02,27718.09,63.15,24.24,175.00,1,55.61,4.52,50.34,11.78,0.61,1.0,"27,718.09",BPI02,paintsvarnishes,bergerpaintsindia
59,59,http://www.moneycontrol.com/india/stockpricequote/powergenerationdistribution/bfutilities/BFU,1233.61,77.98,26.7,0.00,1,11.32,4.20,62.74,12.27,,5.0,"1,233.61",BFU,powergenerationdistribution,bfutilities
60,60,http://www.moneycontrol.com/india/stockpricequote/electricals/bharatelectronics/BE03,26068.67,18.61,30.56,225.00,1,19.69,5.70,15.79,3.47,2.12,1.0,"26,068.67",BE03,electricals,bharatelectronics
61,61,http://www.moneycontrol.com/india/stockpricequote/financegeneral/bharatfinancialinclusion/SM11,16731.10,36.73,175.59,0.00,1,36.39,32.67,35.69,6.83,,10.0,"16,731.10",SM11,financegeneral,bharatfinancialinclusion
62,62,http://www.moneycontrol.com/india/stockpricequote/castingsforgings/bharatforge/BF03,28321.76,40.05,90.89,475.00,1,44.18,15.19,27.93,6.69,1.56,2.0,"28,321.76",BF03,castingsforgings,bharatforge
63,63,http://www.moneycontrol.com/india/stockpricequote/telecommunicationsservice/bhartiairtel/BA08,152001.14,"1,901.25",253.38,20.00,1,338.81,0.20,11.58,1.50,0.26,5.0,"152,001.14",BA08,telecommunicationsservice,bhartiairtel
64,64,http://www.moneycontrol.com/india/stockpricequote/telecommunicationsequipment/bhartiinfratel/BI14,54073.30,22.40,100.84,160.00,1,22.02,13.05,15.05,2.90,5.47,10.0,"54,073.30",BI14,telecommunicationsequipment,bhartiinfratel
65,65,http://www.moneycontrol.com/india/stockpricequote/infrastructuregeneral/bharatheavyelectricals/BHE,26893.01,33.30,87.96,79.00,1,22.07,2.20,16.88,0.83,2.16,2.0,"26,893.01",BHE,infrastructuregeneral,bharatheavyelectricals
66,66,http://www.moneycontrol.com/india/stockpricequote/pharmaceuticals/biocon/BL03,38130.00,159.67,60.12,20.00,1,29.29,3.98,101.84,10.57,0.16,5.0,"38,130.00",BL03,pharmaceuticals,biocon
67,67,http://www.moneycontrol.com/india/stockpricequote/cementmajor/birlacorporation/BC07,5760.00,50.03,427.15,65.00,1,35.54,14.95,22.05,1.75,0.87,10.0,"5,760.00",BC07,cementmajor,birlacorporation
68,68,http://www.moneycontrol.com/india/stockpricequote/pharmaceuticals/blissgvspharma/BGV,1825.18,32.00,53.16,60.00,1,29.29,5.53,29.10,3.33,0.34,1.0,"1,825.18",BGV,pharmaceuticals,blissgvspharma
69,69,http://www.moneycontrol.com/india/stockpricequote/couriers/bluedartexpress/BDE,8542.17,60.11,279.75,150.00,1,53.4,59.89,45.66,12.87,0.42,10.0,"8,542.17",BDE,couriers,bluedartexpress
70,70,http://www.moneycontrol.com/india/stockpricequote/consumergoodswhitegoods/bluestar/BS,6166.15,43.45,95.45,375.00,1,19.89,14.76,30.45,6.72,1.17,2.0,"6,166.15",BS,consumergoodswhitegoods,bluestar
72,72,http://www.moneycontrol.com/india/stockpricequote/textilesprocessing/bombaydyeingmanufacturingcompany/BDM,4544.80,131.77,21.2,35.00,1,50.74,1.67,70.76,10.38,0.32,2.0,"4,544.80",BDM,textilesprocessing,bombaydyeingmanufacturingcompany
73,73,http://www.moneycontrol.com/india/stockpricequote/autoancillaries/bosch/B05,53945.41,39.35,3332.27,1650.00,1,35.18,449.12,29.35,5.30,0.93,10.0,"53,945.41",B05,autoancillaries,bosch
74,74,http://www.moneycontrol.com/india/stockpricequote/refineries/bharatpetroleumcorporation/BPC,90240.91,11.39,137.83,310.00,1,8.2,36.51,8.54,3.02,7.45,10.0,"90,240.91",BPC,refineries,bharatpetroleumcorporation
75,75,http://www.moneycontrol.com/india/stockpricequote/foodprocessing/britanniaindustries/BI,72462.90,76.45,294.01,1100.00,1,64.19,78.95,67.87,20.53,0.36,2.0,"72,462.90",BI,foodprocessing,britanniaindustries
76,76,http://www.moneycontrol.com/india/stockpricequote/pharmaceuticals/cadilahealthcare/CHC,41149.33,37.71,75.3,320.00,1,29.29,10.66,29.73,5.34,0.80,1.0,"41,149.33",CHC,pharmaceuticals,cadilahealthcare
77,77,http://www.moneycontrol.com/india/stockpricequote/financehousing/canfinhomes/CFH,4830.25,16.01,80.83,100.00,1,24.07,22.66,15.85,4.49,0.55,2.0,"4,830.25",CFH,financehousing,canfinhomes
79,79,http://www.moneycontrol.com/india/stockpricequote/financegeneral/capitalfirst/FCH,5482.32,16.77,257.66,28.00,1,36.39,33.04,15.45,2.15,0.51,10.0,"5,482.32",FCH,financegeneral,capitalfirst
80,80,http://www.moneycontrol.com/india/stockpricequote/pharmaceuticals/caplinpointlaboratories/CPL,3213.15,31.41,39.43,75.00,1,29.29,13.53,26.50,10.78,0.35,2.0,"3,213.15",CPL,pharmaceuticals,caplinpointlaboratories
81,81,http://www.moneycontrol.com/india/stockpricequote/abrasives/carborundumuniversal/CU,6212.04,43.30,63.41,175.00,1,39.97,7.59,28.58,5.18,0.53,1.0,"6,212.04",CU,abrasives,carborundumuniversal
82,82,http://www.moneycontrol.com/india/stockpricequote/miscellaneous/creditanalysisresearch/CAR,3609.00,22.41,224.04,280.00,1,48.41,54.66,22.01,5.47,2.29,10.0,"3,609.00",CAR,miscellaneous,creditanalysisresearch
83,83,http://www.moneycontrol.com/india/stockpricequote/lubricants/castrolindia/CI01,16716.17,24.07,10.31,140.00,1,25.93,7.02,22.59,16.39,4.14,5.0,"16,716.17",CI01,lubricants,castrolindia
84,84,http://www.moneycontrol.com/india/stockpricequote/plantationsteacoffee/cclproductsindia/CC10,3527.90,36.08,44.7,125.00,1,30.94,7.35,32.38,5.93,0.94,2.0,"3,527.90",CC10,plantationsteacoffee,cclproductsindia
85,85,http://www.moneycontrol.com/india/stockpricequote/tyres/ceat/C07,5298.96,18.96,639.03,115.00,1,26.65,69.09,12.01,2.05,0.88,10.0,"5,298.96",C07,tyres,ceat
87,87,http://www.moneycontrol.com/india/stockpricequote/diversified/centurytextilesindustries/CTI,10066.01,27.09,255.47,55.00,1,21.68,33.27,14.69,3.53,0.61,10.0,"10,066.01",CTI,diversified,centurytextilesindustries
88,88,http://www.moneycontrol.com/india/stockpricequote/miscellaneous/centuryplyboards/CP9,5786.81,36.94,31.84,100.00,1,38.28,7.04,24.35,8.17,0.38,1.0,"5,786.81",CP9,miscellaneous,centuryplyboards
89,89,http://www.moneycontrol.com/india/stockpricequote/ceramicsgranite/cerasanitaryware/CS18,3667.66,36.59,478.75,240.00,1,24.23,77.08,29.91,5.89,0.43,5.0,"3,667.66",CS18,ceramicsgranite,cerasanitaryware
90,90,http://www.moneycontrol.com/india/stockpricequote/powergenerationdistribution/cesc/CES,12704.27,14.59,1070.79,100.00,1,11.32,65.71,9.74,0.90,1.04,10.0,"12,704.27",CES,powergenerationdistribution,cesc
91,91,http://www.moneycontrol.com/india/stockpricequote/electricals/cromptongreavesconsumerelectrical/CGC01,13946.54,43.04,13.77,0.00,1,46.5,5.17,41.43,16.16,,2.0,"13,946.54",CGC01,electricals,cromptongreavesconsumerelectrical
93,93,http://www.moneycontrol.com/india/stockpricequote/fertilisers/chambalfertiliserschemicals/CFC,6638.52,13.82,72.45,19.00,1,14.11,11.54,12.22,2.20,1.19,10.0,"6,638.52",CFC,fertilisers,chambalfertiliserschemicals
94,94,http://www.moneycontrol.com/india/stockpricequote/refineries/chennaipetroleumcorporation/CPC02,4579.03,5.02,283.84,210.00,1,8.2,61.31,3.65,1.08,6.83,10.0,"4,579.03",CPC02,refineries,chennaipetroleumcorporation
95,95,http://www.moneycontrol.com/india/stockpricequote/financeleasinghirepurchase/cholamandalaminvestmentfinancecompany/CDB,24950.85,25.61,338.17,55.00,1,36.39,62.31,24.37,4.72,0.34,10.0,"24,950.85",CDB,financeleasinghirepurchase,cholamandalaminvestmentfinancecompany
96,96,http://www.moneycontrol.com/india/stockpricequote/pharmaceuticals/cipla/C,48210.82,32.83,177.21,100.00,1,29.29,18.24,24.12,3.38,0.33,2.0,"48,210.82",C,pharmaceuticals,cipla
97,97,http://www.moneycontrol.com/india/stockpricequote/banksprivatesector/cityunionbank/CUB,12309.02,20.79,53.44,30.00,1,32.82,8.90,20.79,3.46,0.16,1.0,"12,309.02",CUB,banksprivatesector,cityunionbank
98,98,http://www.moneycontrol.com/india/stockpricequote/miningminerals/coalindia/CI11,164123.90,17.66,37.4,199.00,1,14.03,14.97,17.63,7.07,7.53,10.0,"164,123.90",CI11,miningminerals,coalindia
100,100,http://www.moneycontrol.com/india/stockpricequote/personalcare/colgatepalmoliveindia/CPI,32260.22,47.90,71.59,1000.00,1,65.6,24.76,38.88,16.57,0.84,1.0,"32,260.22",CPI,personalcare,colgatepalmoliveindia
101,101,http://www.moneycontrol.com/india/stockpricequote/transportlogistics/containercorporationindia/CCI,30411.10,14.50,332.59,171.00,1,24.06,43.04,10.55,1.88,2.74,10.0,"30,411.10",CCI,transportlogistics,containercorporationindia
102,102,http://www.moneycontrol.com/india/stockpricequote/fertilisers/coromandelinternational/CI45,11741.88,17.81,118.72,500.00,1,14.11,22.55,15.52,3.38,1.25,1.0,"11,741.88",CI45,fertilisers,coromandelinternational
104,104,http://www.moneycontrol.com/india/stockpricequote/miscellaneous/coxkings/CK,3630.17,20.62,171.74,20.00,1,21.39,9.97,17.54,1.20,0.49,5.0,"3,630.17",CK,miscellaneous,coxkings
105,105,http://www.moneycontrol.com/india/stockpricequote/miscellaneous/crisil/CRI,12781.64,53.68,113.04,2800.00,1,48.41,33.16,47.94,15.75,1.57,1.0,"12,781.64",CRI,miscellaneous,crisil
106,106,http://www.moneycontrol.com/india/stockpricequote/engines/cumminsindia/CI02,18378.36,25.94,160.56,700.00,1,24.55,25.56,22.91,4.13,2.11,2.0,"18,378.36",CI02,engines,cumminsindia
107,107,http://www.moneycontrol.com/india/stockpricequote/computerssoftware/cyient/IE07,8118.04,20.20,202.3,210.00,1,21.88,35.59,17.93,3.55,1.46,5.0,"8,118.04",IE07,computerssoftware,cyient
108,108,http://www.moneycontrol.com/india/stockpricequote/personalcare/daburindia/DI,68133.65,63.55,26.78,225.00,1,65.6,6.07,58.01,14.40,0.58,1.0,"68,133.65",DI,personalcare,daburindia
109,109,http://www.moneycontrol.com/india/stockpricequote/cementmajor/dalmiabharat/DBE,21056.67,234.78,166.2,0.00,1,85.93,10.06,221.35,14.21,,2.0,"21,056.67",DBE,cementmajor,dalmiabharat
110,110,http://www.moneycontrol.com/india/stockpricequote/mediaentertainment/dbcorp/C13,4573.98,14.10,86.87,40.00,1,15.02,17.63,10.98,2.86,1.61,10.0,"4,573.98",C13,mediaentertainment,dbcorp
111,111,http://www.moneycontrol.com/india/stockpricequote/banksprivatesector/dcbbank/DCB01,5367.50,21.89,82.87,7.50,1,32.82,7.95,17.98,2.10,0.43,10.0,"5,367.50",DCB01,banksprivatesector,dcbbank
112,112,http://www.moneycontrol.com/india/stockpricequote/diversified/dcmshriram/DCM02,4523.29,6.57,198.77,290.00,1,21.68,42.39,5.47,1.40,2.08,2.0,"4,523.29",DCM02,diversified,dcmshriram
113,113,http://www.moneycontrol.com/india/stockpricequote/fertilisers/deepakfertilizerspetrochemicalscoprn/DFP,2302.15,21.46,208.9,60.00,1,14.11,12.16,14.60,1.25,2.30,10.0,"2,302.15",DFP,fertilisers,deepakfertilizerspetrochemicalscoprn
114,114,http://www.moneycontrol.com/india/stockpricequote/constructioncontractingrealestate/deltacorp/DC11,6252.08,59.74,39.69,35.00,1,37.84,3.91,52.49,5.89,0.15,1.0,"6,252.08",DC11,constructioncontractingrealestate,deltacorp
117,117,http://www.moneycontrol.com/india/stockpricequote/financehousing/dewanhousingfinancecorporation/DHF,20223.15,17.25,280.42,55.00,1,24.07,37.37,16.86,2.30,0.85,10.0,"20,223.15",DHF,financehousing,dewanhousingfinancecorporation
118,118,http://www.moneycontrol.com/india/stockpricequote/pesticidesagrochemicals/dhanukaagritech/DA01,2758.20,21.86,131.63,30.00,1,37.28,25.71,19.65,4.27,0.11,2.0,"2,758.20",DA01,pesticidesagrochemicals,dhanukaagritech
119,119,http://www.moneycontrol.com/india/stockpricequote/constructioncontractingcivil/dilipbuildcon/DB04,10585.98,17.07,180.83,10.00,1,29.27,45.35,11.82,4.28,0.13,10.0,"10,585.98",DB04,constructioncontractingcivil,dilipbuildcon
121,121,http://www.moneycontrol.com/india/stockpricequote/pharmaceuticals/divislaboratories/DL03,27559.62,31.69,236.51,500.00,1,29.29,32.76,27.23,4.39,0.96,2.0,"27,559.62",DL03,pharmaceuticals,divislaboratories
122,122,http://www.moneycontrol.com/india/stockpricequote/constructioncontractingrealestate/dlf/D04,34968.07,95.61,84.46,100.00,1,29.27,2.05,70.25,2.32,1.02,2.0,"34,968.07",D04,constructioncontractingrealestate,dlf
123,123,http://www.moneycontrol.com/india/stockpricequote/pharmaceuticals/drlalpathlabs/DLP01,7817.44,46.53,95.18,30.00,1,50.52,20.16,39.28,9.86,0.32,10.0,"7,817.44",DLP01,pharmaceuticals,drlalpathlabs
124,124,http://www.moneycontrol.com/india/stockpricequote/pharmaceuticals/drreddyslaboratories/DRL,37514.10,66.17,698.95,400.00,1,29.29,34.16,27.97,3.23,0.88,5.0,"37,514.10",DRL,pharmaceuticals,drreddyslaboratories
125,125,http://www.moneycontrol.com/india/stockpricequote/computerssoftwaremediumsmall/eclerxservices/eS06,5072.19,18.24,356.28,10.00,1,22.32,72.00,16.48,3.69,0.08,10.0,"5,072.19",eS06,computerssoftwaremediumsmall,eclerxservices
126,126,http://www.moneycontrol.com/india/stockpricequote/financegeneral/edelweissfinancialservices/EC01,27172.67,191.04,18.67,130.00,1,36.39,1.54,185.03,15.76,0.44,1.0,"27,172.67",EC01,financegeneral,edelweissfinancialservices
127,127,http://www.moneycontrol.com/india/stockpricequote/autolcvshcvs/eichermotors/EM,79226.43,46.25,2067.67,1000.00,1,36.01,628.46,40.94,14.06,0.34,10.0,"79,226.43",EM,autolcvshcvs,eichermotors
128,128,http://www.moneycontrol.com/india/stockpricequote/sugar/eidparryindia/EID,3654.95,36.16,89.19,400.00,1,9.53,5.71,17.08,2.32,1.94,1.0,"3,654.95",EID,sugar,eidparryindia
129,129,http://www.moneycontrol.com/india/stockpricequote/hotels/eih/EIH,9202.27,82.14,46.74,45.00,1,65.69,1.96,41.60,3.44,0.56,2.0,"9,202.27",EIH,hotels,eih
130,130,http://www.moneycontrol.com/india/stockpricequote/compressors/elgiequipments/EE01,4144.38,53.93,38.98,100.00,1,31.55,4.85,36.58,6.71,0.38,1.0,"4,144.38",EE01,compressors,elgiequipments
131,131,http://www.moneycontrol.com/india/stockpricequote/personalcare/emami/E06,22923.73,74.05,44.55,700.00,1,65.6,6.82,37.30,11.34,1.39,1.0,"22,923.73",E06,personalcare,emami
132,132,http://www.moneycontrol.com/india/stockpricequote/auto23wheelers/endurancetechnologies/ET01,17385.93,64.01,130.43,25.00,1,38.19,19.31,39.40,9.48,0.20,10.0,"17,385.93",ET01,auto23wheelers,endurancetechnologies
133,133,http://www.moneycontrol.com/india/stockpricequote/infrastructuregeneral/engineersindia/EI14,8056.87,21.32,49.58,60.00,1,27.68,5.98,20.05,2.57,2.35,5.0,"8,056.87",EI14,infrastructuregeneral,engineersindia
134,134,http://www.moneycontrol.com/india/stockpricequote/mediaentertainment/entertainmentnetworkindia/ENI,3317.86,94.31,186.66,10.00,1,33.99,7.38,33.64,3.73,0.14,10.0,"3,317.86",ENI,mediaentertainment,entertainmentnetworkindia
135,135,http://www.moneycontrol.com/india/stockpricequote/financegeneral/equitasholdings/EH03,4779.54,876.88,49.41,0.00,1,36.39,0.16,779.44,2.84,,10.0,"4,779.54",EH03,financegeneral,equitasholdings
136,136,http://www.moneycontrol.com/india/stockpricequote/mediaentertainment/erosinternationalmedia/EIM,1194.06,15.50,142.12,0.00,1,33.99,8.10,14.36,0.88,,10.0,"1,194.06",EIM,mediaentertainment,erosinternationalmedia
137,137,http://www.moneycontrol.com/india/stockpricequote/autotractors/escorts/E,10807.60,31.35,190.56,15.00,1,27.8,28.12,25.90,4.63,0.17,10.0,"10,807.60",E,autotractors,escorts
138,138,http://www.moneycontrol.com/india/stockpricequote/packaging/esselpropack/EP11,3773.93,46.53,20.83,120.00,1,22.73,2.58,25.17,5.76,2.00,2.0,"3,773.93",EP11,packaging,esselpropack
139,139,http://www.moneycontrol.com/india/stockpricequote/drycells/evereadyindustriesindia/EII02,1686.34,30.81,47.36,20.00,1,20.01,7.53,22.79,4.90,0.43,5.0,"1,686.34",EII02,drycells,evereadyindustriesindia
140,140,http://www.moneycontrol.com/india/stockpricequote/autoancillaries/exideindustries/EI,21377.50,32.00,66.26,240.00,1,29.92,7.86,23.37,3.80,0.95,1.0,"21,377.50",EI,autoancillaries,exideindustries
141,141,http://www.moneycontrol.com/india/stockpricequote/pharmaceuticals/fdc/FDC,3842.10,22.83,82.09,225.00,1,29.29,9.65,18.89,2.68,1.02,1.0,"3,842.10",FDC,pharmaceuticals,fdc
142,142,http://www.moneycontrol.com/india/stockpricequote/banksprivatesector/federalbank/FB,16493.39,18.78,45.47,45.00,1,32.82,4.44,18.78,1.83,1.08,2.0,"16,493.39",FB,banksprivatesector,federalbank
143,143,http://www.moneycontrol.com/india/stockpricequote/cablestelephone/finolexcables/FC01,9002.01,25.13,146.18,150.00,1,28.92,23.42,22.40,4.03,0.51,2.0,"9,002.01",FC01,cablestelephone,finolexcables
144,144,http://www.moneycontrol.com/india/stockpricequote/petrochemicals/finolexindustries/FI,7334.04,24.56,208.71,115.00,1,26.0,24.06,20.42,2.83,1.95,10.0,"7,334.04",FI,petrochemicals,finolexindustries
145,145,http://www.moneycontrol.com/india/stockpricequote/computerssoftwaremediumsmall/firstsourcesolutions/FS07,4935.94,25.70,29.15,0.00,1,22.32,2.79,23.13,2.46,,10.0,"4,935.94",FS07,computerssoftwaremediumsmall,firstsourcesolutions
146,146,http://www.moneycontrol.com/india/stockpricequote/autolcvshcvs/forcemotors/FM01,3429.78,23.34,1375.47,100.00,1,36.01,111.53,12.42,1.89,0.38,10.0,"3,429.78",FM01,autolcvshcvs,forcemotors
148,148,http://www.moneycontrol.com/india/stockpricequote/foodprocessing/futureconsumer/FVI,9596.87,295.00,6.78,0.00,1,37.84,0.17,167.17,7.40,,6.0,"9,596.87",FVI,foodprocessing,futureconsumer
149,149,http://www.moneycontrol.com/india/stockpricequote/retail/futurelifestylefashions/FLF01,8141.61,73.71,91.76,40.00,1,74.79,5.68,31.34,4.56,0.19,2.0,"8,141.61",FLF01,retail,futurelifestylefashions
150,150,http://www.moneycontrol.com/india/stockpricequote/retail/futureretail/FR,26760.85,"1,298.90",51.17,0.00,1,145.93,0.41,362.28,10.41,,2.0,"26,760.85",FR,retail,futureretail
151,151,http://www.moneycontrol.com/india/stockpricequote/oildrillingandexploration/gailindia/GAI,76897.92,16.65,169.17,112.00,1,11.12,20.48,12.74,2.02,3.28,10.0,"76,897.92",GAI,oildrillingandexploration,gailindia
152,152,http://www.moneycontrol.com/india/stockpricequote/miscellaneous/gatewaydistriparks/GD01,1946.23,51.14,74.05,70.00,1,37.84,3.50,31.24,2.42,3.91,10.0,"1,946.23",GD01,miscellaneous,gatewaydistriparks
153,153,http://www.moneycontrol.com/india/stockpricequote/couriers/gati/G04,857.88,24.87,58.33,40.00,1,53.4,3.18,21.79,1.36,1.01,2.0,857.88,G04,couriers,gati
154,154,http://www.moneycontrol.com/india/stockpricequote/constructioncontractingcivil/gayatriprojects/GP10,3099.07,16.47,49.74,0.00,1,29.27,10.05,12.76,3.33,,2.0,"3,099.07",GP10,constructioncontractingcivil,gayatriprojects
155,155,http://www.moneycontrol.com/india/stockpricequote/powertransmissionequipment/gepowerindia/AP29,5579.54,210.11,127.48,30.00,1,14.04,3.95,72.11,6.51,0.36,10.0,"5,579.54",AP29,powertransmissionequipment,gepowerindia
156,156,http://www.moneycontrol.com/india/stockpricequote/shipping/greateasternshippingcompany/GES,4537.64,28.34,352.99,101.00,1,17.64,10.62,6.96,0.85,3.36,10.0,"4,537.64",GES,shipping,greateasternshippingcompany
157,157,http://www.moneycontrol.com/india/stockpricequote/powertransmissionequipment/getdindia/ATD,7445.83,35.68,48.49,90.00,1,14.04,8.15,24.94,6.00,0.62,2.0,"7,445.83",ATD,powertransmissionequipment,getdindia
158,158,http://www.moneycontrol.com/india/stockpricequote/financehousing/gichousingfinance/GIC,1984.14,10.76,189.9,50.00,1,24.07,34.25,10.72,1.94,1.36,10.0,"1,984.14",GIC,financehousing,gichousingfinance
159,159,http://www.moneycontrol.com/india/stockpricequote/personalcare/gilletteindia/GI22,21023.33,90.58,153.63,1640.00,1,65.6,71.23,77.73,42.00,2.54,10.0,"21,023.33",GI22,personalcare,gilletteindia
160,160,http://www.moneycontrol.com/india/stockpricequote/foodprocessing/glaxosmithklineconsumerhealthcare/GSC04,26242.66,37.48,908.98,700.00,1,64.19,166.47,34.33,6.86,1.12,10.0,"26,242.66",GSC04,foodprocessing,glaxosmithklineconsumerhealthcare
161,161,http://www.moneycontrol.com/india/stockpricequote/pharmaceuticals/glaxosmithklinepharmaceuticals/GSK,24021.78,68.26,281.0,300.00,1,29.29,41.55,61.60,10.09,1.06,10.0,"24,021.78",GSK,pharmaceuticals,glaxosmithklinepharmaceuticals
162,162,http://www.moneycontrol.com/india/stockpricequote/pharmaceuticals/glenmarkpharma/GP08,16774.90,16.54,370.38,200.00,1,29.29,35.95,14.81,1.61,0.34,1.0,"16,774.90",GP08,pharmaceuticals,glenmarkpharma
164,164,http://www.moneycontrol.com/india/stockpricequote/fertilisers/gujaratnarmadavalleyfertilizerschemicals/GNV,6682.23,8.46,295.4,50.00,1,14.11,50.80,6.30,1.46,1.16,10.0,"6,682.23",GNV,fertilisers,gujaratnarmadavalleyfertilizerschemicals
165,165,http://www.moneycontrol.com/india/stockpricequote/cigarettes/godfreyphillipsindia/GPI,4133.52,25.71,337.08,400.00,1,28.45,30.92,16.12,2.36,1.01,2.0,"4,133.52",GPI,cigarettes,godfreyphillipsindia
166,166,http://www.moneycontrol.com/india/stockpricequote/personalcare/godrejconsumerproducts/GCP,80611.50,80.60,64.55,1500.00,1,65.6,14.68,75.84,18.33,1.27,1.0,"80,611.50",GCP,personalcare,godrejconsumerproducts
167,167,http://www.moneycontrol.com/india/stockpricequote/personalcare/godrejindustries/GI23,20453.64,84.69,55.2,175.00,1,65.6,7.18,65.95,11.02,0.29,1.0,"20,453.64",GI23,personalcare,godrejindustries
168,168,http://www.moneycontrol.com/india/stockpricequote/constructioncontractingrealestate/godrejproperties/GP11,16992.68,80.81,95.58,0.00,1,29.27,9.17,75.54,7.75,,5.0,"16,992.68",GP11,constructioncontractingrealestate,godrejproperties
169,169,http://www.moneycontrol.com/india/stockpricequote/pharmaceuticals/granulesindia/GI25,2106.43,15.13,40.38,25.00,1,29.29,5.48,9.80,2.05,0.30,1.0,"2,106.43",GI25,pharmaceuticals,granulesindia
170,170,http://www.moneycontrol.com/india/stockpricequote/diversified/grasimindustries/GI01,68045.04,38.48,247.46,275.00,1,21.68,26.90,28.40,4.18,0.53,2.0,"68,045.04",GI01,diversified,grasimindustries
171,171,http://www.moneycontrol.com/india/stockpricequote/engines/greavescotton/GC20,3411.57,16.83,46.01,275.00,1,24.55,8.30,13.38,3.04,3.94,2.0,"3,411.57",GC20,engines,greavescotton
172,172,http://www.moneycontrol.com/india/stockpricequote/miscellaneous/greenplyindustries/GI19,2833.92,20.88,75.25,60.00,1,27.23,11.07,15.70,3.07,0.26,1.0,"2,833.92",GI19,miscellaneous,greenplyindustries
173,173,http://www.moneycontrol.com/india/stockpricequote/abrasives/grindwellnorton/GN,5591.36,38.00,93.18,80.00,1,39.97,13.29,29.53,5.42,0.79,5.0,"5,591.36",GN,abrasives,grindwellnorton
174,174,http://www.moneycontrol.com/india/stockpricequote/financehousing/gruhfinance/GRU,22528.35,62.10,18.88,165.00,1,24.07,4.96,61.60,16.31,1.07,2.0,"22,528.35",GRU,financehousing,gruhfinance
175,175,http://www.moneycontrol.com/india/stockpricequote/fertilisers/gujaratstatefertilizerschemicals/GSF,4391.22,9.23,176.95,110.00,1,14.11,11.94,7.38,0.62,2.00,2.0,"4,391.22",GSF,fertilisers,gujaratstatefertilizerschemicals
176,176,http://www.moneycontrol.com/india/stockpricequote/chemicals/gujaratalkalieschemicals/GAC01,4097.78,7.66,529.95,50.00,1,9.53,72.85,6.19,1.05,0.90,10.0,"4,097.78",GAC01,chemicals,gujaratalkalieschemicals
177,177,http://www.moneycontrol.com/india/stockpricequote/chemicals/gujaratfluorochemicals/GF07,8347.50,17.13,320.78,350.00,1,24.17,44.36,13.05,2.37,0.46,1.0,"8,347.50",GF07,chemicals,gujaratfluorochemicals
178,178,http://www.moneycontrol.com/india/stockpricequote/chemicals/gujaratheavychemicals/GHC,2635.30,7.23,166.48,50.00,1,9.53,37.41,5.56,1.62,1.85,10.0,"2,635.30",GHC,chemicals,gujaratheavychemicals
179,179,http://www.moneycontrol.com/india/stockpricequote/miningminerals/gujaratmineraldevelopmentcorporation/GMD,3467.79,7.98,138.68,150.00,1,14.03,13.67,6.35,0.79,2.75,2.0,"3,467.79",GMD,miningminerals,gujaratmineraldevelopmentcorporation
180,180,http://www.moneycontrol.com/india/stockpricequote/oildrillingandexploration/gujaratstatepetronet/GSP02,10165.92,15.20,91.6,15.00,1,14.8,11.86,12.05,1.97,0.83,10.0,"10,165.92",GSP02,oildrillingandexploration,gujaratstatepetronet
181,181,http://www.moneycontrol.com/india/stockpricequote/oildrillingandexploration/gujaratgas/GGC,10738.89,36.86,140.64,30.00,1,25.02,21.16,19.07,5.55,0.38,10.0,"10,738.89",GGC,oildrillingandexploration,gujaratgas
182,182,http://www.moneycontrol.com/india/stockpricequote/shipping/gujaratpipavavport/GPP03,5097.87,25.66,45.88,38.00,1,18.75,4.11,16.87,2.30,3.60,10.0,"5,097.87",GPP03,shipping,gujaratpipavavport
183,183,http://www.moneycontrol.com/india/stockpricequote/lubricants/gulfoillubricantsindia/GOL01,4348.74,27.43,103.07,425.00,1,25.93,31.90,25.74,8.49,0.97,2.0,"4,348.74",GOL01,lubricants,gulfoillubricantsindia
184,184,http://www.moneycontrol.com/india/stockpricequote/mediaentertainment/hathwaycabledatacom/HCD,2304.62,29.52,12.71,0.00,1,33.99,0.94,13.15,2.18,,2.0,"2,304.62",HCD,mediaentertainment,hathwaycabledatacom
185,185,http://www.moneycontrol.com/india/stockpricequote/foodprocessing/hatsunagroproducts/HAP,9619.89,105.87,59.73,400.00,1,64.19,5.62,36.37,9.96,0.67,1.0,"9,619.89",HAP,foodprocessing,hatsunagroproducts
186,186,http://www.moneycontrol.com/india/stockpricequote/electricequipment/havellsindia/HI01,33290.80,46.73,59.78,400.00,1,46.5,11.39,39.08,8.90,0.75,1.0,"33,290.80",HI01,electricequipment,havellsindia
188,188,http://www.moneycontrol.com/india/stockpricequote/computerssoftware/hcltechnologies/HCL02,126611.54,17.20,186.49,600.00,1,21.88,52.87,15.34,4.88,1.32,2.0,"126,611.54",HCL02,computerssoftware,hcltechnologies
189,189,http://www.moneycontrol.com/india/stockpricequote/financehousing/housingdevelopmentfinancecorporation/HDF,322486.19,26.49,235.66,900.00,1,24.07,72.42,26.39,8.14,0.94,2.0,"322,486.19",HDF,financehousing,housingdevelopmentfinancecorporation
190,190,http://www.moneycontrol.com/india/stockpricequote/banksprivatesector/hdfcbank/HDF01,543061.33,31.06,408.32,650.00,1,32.82,67.17,29.53,5.11,0.62,2.0,"543,061.33",HDF01,banksprivatesector,hdfcbank
191,191,http://www.moneycontrol.com/india/stockpricequote/constructioncontractingrealestate/housingdevelopmentinfrastructure/HDI,907.07,9.50,263.04,0.00,1,29.27,2.20,8.89,0.08,,10.0,907.07,HDI,constructioncontractingrealestate,housingdevelopmentinfrastructure
192,192,http://www.moneycontrol.com/india/stockpricequote/cementmajor/heidelbergcementindia/HCI02,3161.25,23.72,48.55,0.00,1,35.54,5.88,13.49,2.87,,10.0,"3,161.25",HCI02,cementmajor,heidelbergcementindia
193,193,http://www.moneycontrol.com/india/stockpricequote/foodprocessing/heritagefoods/HFI,2709.41,52.05,78.42,40.00,1,64.19,11.22,30.43,7.45,0.34,5.0,"2,709.41",HFI,foodprocessing,heritagefoods
194,194,http://www.moneycontrol.com/india/stockpricequote/auto23wheelers/heromotocorp/HHM,71237.08,19.27,691.43,4250.00,1,21.74,185.14,16.75,5.16,2.38,2.0,"71,237.08",HHM,auto23wheelers,heromotocorp
195,195,http://www.moneycontrol.com/india/stockpricequote/computerssoftware/hexawaretechnologies/HT02,13870.14,33.57,51.93,200.00,1,21.88,13.92,29.99,9.00,0.86,2.0,"13,870.14",HT02,computerssoftware,hexawaretechnologies
196,196,http://www.moneycontrol.com/india/stockpricequote/telecommunicationsequipment/himachalfuturisticcommunication/HFC,3656.16,23.60,9.67,0.00,1,34.19,1.25,21.38,3.05,,1.0,"3,656.16",HFC,telecommunicationsequipment,himachalfuturisticcommunication
197,197,http://www.moneycontrol.com/india/stockpricequote/textilessyntheticsilk/himatsingkaseide/HS,2958.15,14.35,129.27,50.00,1,12.53,20.93,11.32,2.32,0.83,5.0,"2,958.15",HS,textilessyntheticsilk,himatsingkaseide
198,198,http://www.moneycontrol.com/india/stockpricequote/constructioncontractingcivil/hindustanconstructioncompany/HCC,1188.09,15.39,27.33,0.00,1,29.27,0.76,5.94,0.43,,1.0,"1,188.09",HCC,constructioncontractingcivil,hindustanconstructioncompany
199,199,http://www.moneycontrol.com/india/stockpricequote/metalsnonferrous/hindustancopper/HC07,6037.05,75.87,16.72,0.00,1,20.28,0.86,24.72,3.90,,5.0,"6,037.05",HC07,metalsnonferrous,hindustancopper
200,200,http://www.moneycontrol.com/india/stockpricequote/metalsnonferrous/hindustanzinc/HZ,117421.62,12.82,94.86,1470.00,1,13.13,21.67,11.04,2.93,10.58,2.0,"117,421.62",HZ,metalsnonferrous,hindustanzinc
201,201,http://www.moneycontrol.com/india/stockpricequote/aluminium/hindalcoindustries/HI,49952.40,34.77,210.84,110.00,1,22.03,6.40,16.36,1.06,0.49,1.0,"49,952.40",HI,aluminium,hindalcoindustries
202,202,http://www.moneycontrol.com/india/stockpricequote/telecommunicationsequipment/honeywellautomation/HA04,16091.57,64.44,1617.38,100.00,1,37.3,282.45,60.74,11.25,0.05,10.0,"16,091.57",HA04,telecommunicationsequipment,honeywellautomation
203,203,http://www.moneycontrol.com/india/stockpricequote/refineries/hindustanpetroleumcorporation/HPC,45615.63,7.18,120.46,300.00,1,8.2,41.72,5.01,2.49,10.02,10.0,"45,615.63",HPC,refineries,hindustanpetroleumcorporation
204,204,http://www.moneycontrol.com/india/stockpricequote/ceramicsgranite/hsil/HSI02,2443.62,32.69,210.91,200.00,1,24.23,10.34,12.95,1.60,1.18,2.0,"2,443.62",HSI02,ceramicsgranite,hsil
205,205,http://www.moneycontrol.com/india/stockpricequote/personalcare/hindustanunilever/HU,350887.14,67.01,32.69,2000.00,1,65.6,24.19,61.40,49.59,1.23,1.0,"350,887.14",HU,personalcare,hindustanunilever
206,206,http://www.moneycontrol.com/india/stockpricequote/banksprivatesector/icicibank/ICI02,185223.98,27.32,150.68,125.00,1,32.82,10.54,27.32,1.91,0.87,2.0,"185,223.98",ICI02,banksprivatesector,icicibank
207,207,http://www.moneycontrol.com/india/stockpricequote/financegeneral/iciciprudentiallifeinsurancecompany/IPL01,53546.20,33.07,47.81,78.00,1,56.11,11.28,33.07,7.80,2.09,10.0,"53,546.20",IPL01,financegeneral,iciciprudentiallifeinsurancecompany
208,208,http://www.moneycontrol.com/india/stockpricequote/miscellaneous/icra/ICR,3194.80,31.85,559.34,270.00,1,48.41,101.30,31.02,5.77,0.84,10.0,"3,194.80",ICR,miscellaneous,icra
211,211,http://www.moneycontrol.com/india/stockpricequote/financetermlendinginstitutions/idfc/IDF,7606.63,51.24,61.38,0.00,1,5.47,0.93,49.64,0.78,,10.0,"7,606.63",IDF,financetermlendinginstitutions,idfc
212,212,http://www.moneycontrol.com/india/stockpricequote/banksprivatesector/idfcbank/IDF01,14178.11,16.53,45.65,7.50,1,32.82,2.52,13.88,0.91,1.80,10.0,"14,178.11",IDF01,banksprivatesector,idfcbank
214,214,http://www.moneycontrol.com/india/stockpricequote/oildrillingandexploration/indraprasthagas/IG04,18347.02,27.36,51.39,85.00,1,31.73,9.58,21.54,5.10,0.65,2.0,"18,347.02",IG04,oildrillingandexploration,indraprasthagas
215,215,http://www.moneycontrol.com/india/stockpricequote/financegeneral/iiflholdings/II15,22590.90,110.47,47.01,225.00,1,36.39,6.41,110.30,15.06,0.64,2.0,"22,590.90",II15,financegeneral,iiflholdings
216,216,http://www.moneycontrol.com/india/stockpricequote/infrastructuregeneral/ilandfstransportationnetworks/ITN,1394.79,5.54,93.66,20.00,1,24.06,7.65,5.09,0.45,4.72,10.0,"1,394.79",ITN,infrastructuregeneral,ilandfstransportationnetworks
217,217,http://www.moneycontrol.com/india/stockpricequote/cementmajor/indiacements/IC,3504.17,34.86,165.25,10.00,1,35.54,3.25,9.83,0.69,0.88,10.0,"3,504.17",IC,cementmajor,indiacements
218,218,http://www.moneycontrol.com/india/stockpricequote/financehousing/indiabullshousingfinance/IHF01,50679.23,14.21,361.84,1350.00,1,36.39,83.61,14.10,3.28,2.27,2.0,"50,679.23",IHF01,financehousing,indiabullshousingfinance
220,220,http://www.moneycontrol.com/india/stockpricequote/financeinvestments/indiabullsventures/IS13,29099.50,559.30,38.01,50.00,1,36.39,0.86,540.45,12.65,0.21,2.0,"29,099.50",IS13,financeinvestments,indiabullsventures
221,221,http://www.moneycontrol.com/india/stockpricequote/bankspublicsector/indianbank/IB04,16766.98,13.32,329.53,0.00,1,11.9,26.21,11.21,1.06,,10.0,"16,766.98",IB04,bankspublicsector,indianbank
222,222,http://www.moneycontrol.com/india/stockpricequote/hotels/indianhotelscompany/IHC,15799.30,109.79,34.48,35.00,1,65.69,1.21,53.35,3.85,0.26,1.0,"15,799.30",IHC,hotels,indianhotelscompany
223,223,http://www.moneycontrol.com/india/stockpricequote/textilesspinningcottonblended/indocountindustries/ICI07,1322.58,10.09,48.51,40.00,1,14.02,6.64,8.19,1.38,1.19,2.0,"1,322.58",ICI07,textilesspinningcottonblended,indocountindustries
224,224,http://www.moneycontrol.com/india/stockpricequote/pharmaceuticals/indocoremedies/IR05,1750.40,42.49,75.21,80.00,1,29.29,4.47,16.07,2.53,0.84,2.0,"1,750.40",IR05,pharmaceuticals,indocoremedies
225,225,http://www.moneycontrol.com/india/stockpricequote/banksprivatesector/indusindbank/IIB,119182.76,33.05,397.47,60.00,1,32.82,60.06,33.05,4.99,0.30,10.0,"119,182.76",IIB,banksprivatesector,indusindbank
226,226,http://www.moneycontrol.com/india/stockpricequote/miscellaneous/infibeamincorporation/IIL03,10509.52,"1,057.33",12.54,0.00,1,775.46,0.15,198.25,12.65,,1.0,"10,509.52",IIL03,miscellaneous,infibeamincorporation
227,227,http://www.moneycontrol.com/india/stockpricequote/miscellaneous/infoedgeindia/IEI01,14728.69,80.76,177.69,45.00,1,37.84,14.96,72.21,6.80,0.37,10.0,"14,728.69",IEI01,miscellaneous,infoedgeindia
228,228,http://www.moneycontrol.com/india/stockpricequote/computerssoftware/infosys/IT,279568.27,17.30,290.74,515.00,1,21.88,73.97,15.92,4.40,2.01,5.0,"279,568.27",IT,computerssoftware,infosys
229,229,http://www.moneycontrol.com/india/stockpricequote/compressors/ingersollrandindia/IRI01,1737.19,19.54,364.43,60.00,1,31.55,28.16,17.12,1.51,1.09,10.0,"1,737.19",IRI01,compressors,ingersollrandindia
230,230,http://www.moneycontrol.com/india/stockpricequote/mediaentertainment/inoxleisure/INO01,2585.07,22.54,72.59,0.00,1,33.99,11.89,12.84,3.69,,10.0,"2,585.07",INO01,mediaentertainment,inoxleisure
232,232,http://www.moneycontrol.com/india/stockpricequote/computerssoftware/intellectdesignarena/IDA,2416.47,73.56,55.75,0.00,1,21.88,2.61,41.65,3.44,,5.0,"2,416.47",IDA,computerssoftware,intellectdesignarena
233,233,http://www.moneycontrol.com/india/stockpricequote/transportlogistics/interglobeaviation/IA04,44841.06,20.00,157.24,340.00,1,18.59,58.33,16.74,7.42,2.91,10.0,"44,841.06",IA04,transportlogistics,interglobeaviation
235,235,http://www.moneycontrol.com/india/stockpricequote/refineries/indianoilcorporation/IOC,161750.19,7.58,102.81,190.00,1,8.2,21.98,5.69,1.62,11.41,10.0,"161,750.19",IOC,refineries,indianoilcorporation
236,236,http://www.moneycontrol.com/india/stockpricequote/pharmaceuticals/ipcalaboratories/IL,8415.05,36.10,214.34,50.00,1,29.29,18.45,20.65,3.11,0.15,2.0,"8,415.05",IL,pharmaceuticals,ipcalaboratories
237,237,http://www.moneycontrol.com/india/stockpricequote/infrastructuregeneral/irbinfrastructuredevelopers/IID01,7700.27,17.33,83.92,50.00,1,29.27,12.64,17.33,2.61,2.28,10.0,"7,700.27",IID01,infrastructuregeneral,irbinfrastructuredevelopers
238,238,http://www.moneycontrol.com/india/stockpricequote/engineeringheavy/isgecheavyengineering/SIS06,3986.77,33.51,1692.49,300.00,1,22.07,161.81,21.42,3.20,0.55,10.0,"3,986.77",SIS06,engineeringheavy,isgecheavyengineering
239,239,http://www.moneycontrol.com/india/stockpricequote/cigarettes/itc/ITC,321583.17,28.64,46.35,475.00,1,28.45,9.20,26.01,5.69,1.80,1.0,"321,583.17",ITC,cigarettes,itc
240,240,http://www.moneycontrol.com/india/stockpricequote/constructioncontractingcivil/itdcementationindia/ITD03,2138.76,25.30,36.03,40.00,1,29.27,4.92,15.31,3.46,0.32,1.0,"2,138.76",ITD03,constructioncontractingcivil,itdcementationindia
241,241,http://www.moneycontrol.com/india/stockpricequote/constructioncontractingcivil/jkumarinfraprojects/KI01,1728.96,12.66,201.62,40.00,1,29.27,18.05,8.26,1.13,0.88,5.0,"1,728.96",KI01,constructioncontractingcivil,jkumarinfraprojects
242,242,http://www.moneycontrol.com/india/stockpricequote/cementmajor/jkcement/JKC03,6216.53,18.18,323.51,80.00,1,35.54,48.89,11.77,2.75,0.90,10.0,"6,216.53",JKC03,cementmajor,jkcement
243,243,http://www.moneycontrol.com/india/stockpricequote/mediaentertainment/jagranprakashan/JP12,4328.62,16.28,62.08,150.00,1,15.02,8.54,12.42,2.24,2.16,2.0,"4,328.62",JP12,mediaentertainment,jagranprakashan
244,244,http://www.moneycontrol.com/india/stockpricequote/steelgpgcsheets/jaicorp/JC08,2563.43,104.85,62.13,50.00,1,58.61,1.37,64.42,2.31,0.35,1.0,"2,563.43",JC08,steelgpgcsheets,jaicorp
245,245,http://www.moneycontrol.com/india/stockpricequote/plastics/jainirrigationsystems/JIS02,4511.97,16.06,92.69,37.50,1,16.24,5.66,9.57,0.98,0.83,2.0,"4,511.97",JIS02,plastics,jainirrigationsystems
246,246,http://www.moneycontrol.com/india/stockpricequote/infrastructuregeneral/jaiprakashassociates/JA02,4110.85,11.66,32.52,0.00,1,29.27,1.45,4.79,0.52,,2.0,"4,110.85",JA02,infrastructuregeneral,jaiprakashassociates
247,247,http://www.moneycontrol.com/india/stockpricequote/pharmaceuticals/jbchemicalspharmaceuticals/JBC01,2164.46,16.91,181.36,50.00,1,29.29,15.32,11.77,1.43,0.39,2.0,"2,164.46",JBC01,pharmaceuticals,jbchemicalspharmaceuticals
250,250,http://www.moneycontrol.com/india/stockpricequote/steellarge/jindalstainlesshisar/JSH,3423.41,8.65,53.31,0.00,1,10.67,16.77,5.17,2.72,,2.0,"3,423.41",JSH,steellarge,jindalstainlesshisar
251,251,http://www.moneycontrol.com/india/stockpricequote/packaging/jindalpolyfilms/JPF01,972.06,66.87,422.11,10.00,1,22.73,3.32,8.34,0.53,0.45,10.0,972.06,JPF01,packaging,jindalpolyfilms
252,252,http://www.moneycontrol.com/india/stockpricequote/steeltubespipes/jindalsaw/JS08,2511.67,6.51,186.07,50.00,1,18.02,12.07,3.91,0.42,1.27,2.0,"2,511.67",JS08,steeltubespipes,jindalsaw
254,254,http://www.moneycontrol.com/india/stockpricequote/banksprivatesector/jammukashmirbank/JKB,2990.33,14.75,105.64,0.00,1,32.82,3.64,14.75,0.51,,1.0,"2,990.33",JKB,banksprivatesector,jammukashmirbank
255,255,http://www.moneycontrol.com/india/stockpricequote/cementmajor/jklakshmicement/JKL01,3716.61,44.24,124.55,15.00,1,35.54,7.14,14.12,2.54,0.24,5.0,"3,716.61",JKL01,cementmajor,jklakshmicement
256,256,http://www.moneycontrol.com/india/stockpricequote/tyres/jktyreindustries/JKT01,2849.91,66.13,75.7,125.00,1,26.65,1.90,13.06,1.66,1.99,2.0,"2,849.91",JKT01,tyres,jktyreindustries
257,257,http://www.moneycontrol.com/india/stockpricequote/financeinvestments/jmfinancial/JMF,9792.12,72.01,20.61,150.00,1,36.39,1.62,71.56,5.66,1.29,1.0,"9,792.12",JMF,financeinvestments,jmfinancial
258,258,http://www.moneycontrol.com/india/stockpricequote/consumergoodswhitegoods/johnsoncontrolshitachiairconditioningindia/HHL,6662.17,66.53,198.28,15.00,1,19.89,36.83,43.52,12.36,0.06,10.0,"6,662.17",HHL,consumergoodswhitegoods,johnsoncontrolshitachiairconditioningindia
260,260,http://www.moneycontrol.com/india/stockpricequote/steellarge/jswsteel/JSW01,77907.01,16.85,118.58,225.00,1,16.62,19.13,10.14,2.72,0.70,1.0,"77,907.01",JSW01,steellarge,jswsteel
261,261,http://www.moneycontrol.com/india/stockpricequote/miscellaneous/jubilantfoodworks/JF04,18538.35,89.82,80.22,25.00,1,64.19,15.64,51.17,17.51,0.18,10.0,"18,538.35",JF04,miscellaneous,jubilantfoodworks
262,262,http://www.moneycontrol.com/india/stockpricequote/pharmaceuticals/jubilantlifesciences/JO03,11131.36,42.25,144.79,300.00,1,29.29,16.54,32.16,4.83,0.43,1.0,"11,131.36",JO03,pharmaceuticals,jubilantlifesciences
263,263,http://www.moneycontrol.com/india/stockpricequote/miscellaneous/justdial/JD,3718.70,25.97,155.26,0.00,1,48.41,21.25,20.71,3.55,,10.0,"3,718.70",JD,miscellaneous,justdial
264,264,http://www.moneycontrol.com/india/stockpricequote/personalcare/jyothylaboratories/JL,8098.02,50.45,44.79,600.00,1,65.6,8.83,37.31,9.95,1.35,1.0,"8,098.02",JL,personalcare,jyothylaboratories
265,265,http://www.moneycontrol.com/india/stockpricequote/ceramicsgranite/kajariaceramics/KC06,7805.25,30.94,90.09,300.00,1,24.23,15.87,24.85,5.45,0.61,1.0,"7,805.25",KC06,ceramicsgranite,kajariaceramics
266,266,http://www.moneycontrol.com/india/stockpricequote/powertransmissionequipment/kalpatarupowertransmission/KPT,6139.96,19.07,182.48,100.00,1,14.04,20.98,15.41,2.19,0.50,2.0,"6,139.96",KPT,powertransmissionequipment,kalpatarupowertransmission
267,267,http://www.moneycontrol.com/india/stockpricequote/paintsvarnishes/kansainerolacpaints/KNP,24413.06,47.29,57.99,260.00,1,55.61,9.58,41.22,7.81,0.57,1.0,"24,413.06",KNP,paintsvarnishes,kansainerolacpaints
268,268,http://www.moneycontrol.com/india/stockpricequote/banksprivatesector/karnatakabank/KB04,3244.03,9.96,181.91,40.00,1,32.82,11.52,9.96,0.63,3.49,10.0,"3,244.03",KB04,banksprivatesector,karnatakabank
269,269,http://www.moneycontrol.com/india/stockpricequote/miscellaneous/kaveriseedcompany/KSC01,3709.42,17.63,186.67,0.00,1,24.88,31.83,15.87,3.01,,2.0,"3,709.42",KSC01,miscellaneous,kaveriseedcompany
270,270,http://www.moneycontrol.com/india/stockpricequote/powertransmissionequipment/kecinternational/KEC04,8728.15,20.29,81.13,80.00,1,14.04,16.73,16.61,4.18,0.47,2.0,"8,728.15",KEC04,powertransmissionequipment,kecinternational
272,272,http://www.moneycontrol.com/india/stockpricequote/engines/kirloskaroilengines/KOE03,3958.08,26.37,122.17,250.00,1,24.55,10.38,15.30,2.24,1.83,2.0,"3,958.08",KOE03,engines,kirloskaroilengines
273,273,http://www.moneycontrol.com/india/stockpricequote/textilesreadymadeapparels/kitexgarments/KG01,951.28,13.58,68.52,150.00,1,48.86,10.53,10.18,2.09,1.05,1.0,951.28,KG01,textilesreadymadeapparels,kitexgarments
274,274,http://www.moneycontrol.com/india/stockpricequote/banksprivatesector/kotakmahindrabank/KMB,254447.49,62.29,196.65,14.00,1,32.82,21.43,57.99,6.79,0.05,5.0,"254,447.49",KMB,banksprivatesector,kotakmahindrabank
275,275,http://www.moneycontrol.com/india/stockpricequote/computerssoftwaremediumsmall/kpittechnologies/KPI02,5352.22,30.14,78.67,110.00,1,21.88,8.99,21.41,3.44,0.81,2.0,"5,352.22",KPI02,computerssoftwaremediumsmall,kpittechnologies
276,276,http://www.moneycontrol.com/india/stockpricequote/textilesreadymadeapparels/kprmill/M15,4788.45,21.29,181.75,15.00,1,48.86,30.44,14.51,3.57,0.12,5.0,"4,788.45",M15,textilesreadymadeapparels,kprmill
277,277,http://www.moneycontrol.com/india/stockpricequote/foodprocessing/krbl/KRB01,8750.62,18.95,99.13,210.00,1,20.53,19.62,16.53,3.75,0.56,1.0,"8,750.62",KRB01,foodprocessing,krbl
278,278,http://www.moneycontrol.com/india/stockpricequote/foodprocessing/kwality/KDI01,593.73,8.34,44.33,10.00,1,64.19,2.95,3.02,0.55,0.41,1.0,593.73,KDI01,foodprocessing,kwality
279,279,http://www.moneycontrol.com/india/stockpricequote/financeinvestments/ltfinanceholdings/LFH,31083.88,84.65,38.17,8.00,1,36.39,1.84,84.65,4.08,0.51,10.0,"31,083.88",LFH,financeinvestments,ltfinanceholdings
280,280,http://www.moneycontrol.com/india/stockpricequote/computerssoftware/larsentoubroinfotech/LI12,28131.95,24.25,173.01,1655.00,1,21.88,67.42,22.48,9.45,1.01,1.0,"28,131.95",LI12,computerssoftware,larsentoubroinfotech
281,281,http://www.moneycontrol.com/india/stockpricequote/computerssoftwaremediumsmall/lttechnologyservices/LTS,13052.38,26.67,197.26,350.00,1,28.26,47.76,23.86,6.46,0.55,2.0,"13,052.38",LTS,computerssoftwaremediumsmall,lttechnologyservices
282,282,http://www.moneycontrol.com/india/stockpricequote/glassglassproducts/laopalarg/LOR,2763.90,37.61,24.65,100.00,1,40.73,6.62,31.68,10.10,0.80,2.0,"2,763.90",LOR,glassglassproducts,laopalarg
283,283,http://www.moneycontrol.com/india/stockpricequote/textilesmachinery/lakshmimachineworks/LMW,8649.81,40.91,1597.23,350.00,1,22.07,192.98,30.65,4.94,0.44,10.0,"8,649.81",LMW,textilesmachinery,lakshmimachineworks
285,285,http://www.moneycontrol.com/india/stockpricequote/infrastructuregeneral/larsentoubro/LT,177949.32,33.03,290.38,1050.00,1,21.68,38.43,21.65,4.37,1.65,2.0,"177,949.32",LT,infrastructuregeneral,larsentoubro
286,286,http://www.moneycontrol.com/india/stockpricequote/pharmaceuticals/lauruslabs/LL05,4939.40,27.81,144.45,15.00,1,29.29,16.75,16.53,3.22,0.32,10.0,"4,939.40",LL05,pharmaceuticals,lauruslabs
287,287,http://www.moneycontrol.com/india/stockpricequote/financehousing/lichousingfinance/LIC,24251.58,12.19,258.92,310.00,1,24.07,39.42,12.13,1.86,1.29,2.0,"24,251.58",LIC,financehousing,lichousingfinance
288,288,http://www.moneycontrol.com/india/stockpricequote/chemicals/lindeindia/BOC,3863.38,193.59,165.06,10.00,1,31.73,2.34,17.08,2.74,0.22,10.0,"3,863.38",BOC,chemicals,lindeindia
289,289,http://www.moneycontrol.com/india/stockpricequote/pharmaceuticals/lupin/L,40788.74,30.34,326.92,375.00,1,29.29,29.74,23.52,2.76,0.83,2.0,"40,788.74",L,pharmaceuticals,lupin
290,290,http://www.moneycontrol.com/india/stockpricequote/autocarsjeeps/mahindramahindra/MM,111489.51,25.50,206.6,260.00,1,31.16,35.17,19.05,4.34,1.45,5.0,"111,489.51",MM,autocarsjeeps,mahindramahindra
291,291,http://www.moneycontrol.com/india/stockpricequote/financeleasinghirepurchase/mahindramahindrafinancialservices/MMF04,30341.53,34.01,119.46,120.00,1,36.39,14.44,32.42,4.11,0.49,2.0,"30,341.53",MMF04,financeleasinghirepurchase,mahindramahindrafinancialservices
292,292,http://www.moneycontrol.com/india/stockpricequote/financeleasinghirepurchase/magmafincorp/MF20,4420.34,21.83,83.44,40.00,1,36.39,7.52,17.57,1.97,0.49,2.0,"4,420.34",MF20,financeleasinghirepurchase,magmafincorp
293,293,http://www.moneycontrol.com/india/stockpricequote/refineries/mahanagargas/MG02,8157.56,17.07,234.66,190.00,1,25.02,48.38,13.85,3.52,2.30,10.0,"8,157.56",MG02,refineries,mahanagargas
294,294,http://www.moneycontrol.com/india/stockpricequote/castingsforgings/mahindracieautomotive/MF19,9505.34,104.19,92.45,0.00,1,44.18,2.41,56.94,2.72,,10.0,"9,505.34",MF19,castingsforgings,mahindracieautomotive
295,295,http://www.moneycontrol.com/india/stockpricequote/hotels/mahindraholidaysresortsindia/MHR,4098.26,30.52,50.58,50.00,1,65.69,10.06,21.67,6.07,1.63,10.0,"4,098.26",MHR,hotels,mahindraholidaysresortsindia
296,296,http://www.moneycontrol.com/india/stockpricequote/constructioncontractingcivil/mahindralifespacedevelopers/MLD,2921.15,54.98,331.3,60.00,1,29.27,10.35,51.17,1.72,1.05,10.0,"2,921.15",MLD,constructioncontractingcivil,mahindralifespacedevelopers
297,297,http://www.moneycontrol.com/india/stockpricequote/financeleasinghirepurchase/manappuramfinance/MGF01,8543.33,12.20,47.61,100.00,1,36.39,8.31,11.23,2.13,1.97,2.0,"8,543.33",MGF01,financeleasinghirepurchase,manappuramfinance
298,298,http://www.moneycontrol.com/india/stockpricequote/foodprocessing/manpasandbeverages/MB04,1691.75,19.19,100.78,10.00,1,49.34,7.70,10.45,1.47,0.68,10.0,"1,691.75",MB04,foodprocessing,manpasandbeverages
299,299,http://www.moneycontrol.com/india/stockpricequote/personalcare/marico/M13,43824.85,61.06,28.22,350.00,1,65.6,5.56,55.84,12.03,1.03,1.0,"43,824.85",M13,personalcare,marico
300,300,http://www.moneycontrol.com/india/stockpricequote/pharmaceuticals/marksanspharma/MP21,1141.99,93.00,10.54,5.00,1,29.29,0.30,46.50,2.65,0.18,1.0,"1,141.99",MP21,pharmaceuticals,marksanspharma
301,301,http://www.moneycontrol.com/india/stockpricequote/autocarsjeeps/marutisuzukiindia/MS24,270059.57,34.97,1453.02,1500.00,1,31.16,255.62,25.77,6.15,0.84,5.0,"270,059.57",MS24,autocarsjeeps,marutisuzukiindia
302,302,http://www.moneycontrol.com/india/stockpricequote/financeinvestments/maxfinancialservices/MI,12132.39,98.69,68.12,0.00,1,36.39,4.58,97.00,6.64,,2.0,"12,132.39",MI,financeinvestments,maxfinancialservices
303,303,http://www.moneycontrol.com/india/stockpricequote/miscellaneous/maxindia/MIL16,1967.25,305.42,61.26,0.00,1,36.39,0.24,271.48,1.20,,2.0,"1,967.25",MIL16,miscellaneous,maxindia
304,304,http://www.moneycontrol.com/india/stockpricequote/plantationsteacoffee/mcleodrusselindia/MRI02,1663.73,24.76,165.42,5.00,1,30.94,6.14,11.09,0.92,0.16,5.0,"1,663.73",MRI02,plantationsteacoffee,mcleodrusselindia
305,305,http://www.moneycontrol.com/india/stockpricequote/miscellaneous/multicommodityexchangeindia/MCE,3845.53,36.17,320.72,150.00,1,16.56,20.85,31.26,2.35,1.99,10.0,"3,845.53",MCE,miscellaneous,multicommodityexchangeindia
306,306,http://www.moneycontrol.com/india/stockpricequote/autoancillaries/mindaindustries/MI4,11009.72,81.01,75.68,110.00,1,68.45,15.59,58.45,16.69,0.17,2.0,"11,009.72",MI4,autoancillaries,mindaindustries
307,307,http://www.moneycontrol.com/india/stockpricequote/computerssoftware/mindtree/MT13,15858.24,24.39,173.04,90.00,1,21.88,39.64,19.69,5.59,0.93,10.0,"15,858.24",MT13,computerssoftware,mindtree
308,308,http://www.moneycontrol.com/india/stockpricequote/trading/mmtc/MMT,5220.00,105.45,9.56,30.00,1,46.61,0.33,96.67,3.64,0.86,1.0,"5,220.00",MMT,trading,mmtc
309,309,http://www.moneycontrol.com/india/stockpricequote/miningminerals/moil/M18,4669.56,11.07,105.32,110.00,1,14.03,15.84,9.64,1.66,6.27,10.0,"4,669.56",M18,miningminerals,moil
310,310,http://www.moneycontrol.com/india/stockpricequote/pesticidesagrochemicals/monsantoindia/MI39,4920.92,29.90,402.13,300.00,1,37.28,95.33,27.71,7.09,1.05,10.0,"4,920.92",MI39,pesticidesagrochemicals,monsantoindia
311,311,http://www.moneycontrol.com/india/stockpricequote/autoancillaries/mothersonsumisystems/MSS01,59327.62,67.42,11.9,200.00,1,68.45,4.18,54.09,23.68,0.71,1.0,"59,327.62",MSS01,autoancillaries,mothersonsumisystems
312,312,http://www.moneycontrol.com/india/stockpricequote/financegeneral/motilaloswalfinancialservices/MOF01,11490.62,88.59,55.07,250.00,1,36.39,8.94,84.35,14.38,0.32,1.0,"11,490.62",MOF01,financegeneral,motilaloswalfinancialservices
313,313,http://www.moneycontrol.com/india/stockpricequote/computerssoftware/mphasis/MB02,20790.33,28.10,242.01,170.00,1,21.88,38.28,26.94,4.44,1.58,10.0,"20,790.33",MB02,computerssoftware,mphasis
314,314,http://www.moneycontrol.com/india/stockpricequote/tyres/mrf/MRF,31789.87,29.10,22721.94,600.00,1,26.65,"2,575.44",17.68,3.30,0.08,10.0,"31,789.87",MRF,tyres,mrf
315,315,http://www.moneycontrol.com/india/stockpricequote/refineries/mangalorerefinerypetrochemicals/MRP,15650.71,7.04,70.15,0.00,1,8.2,12.69,5.41,1.27,,10.0,"15,650.71",MRP,refineries,mangalorerefinerypetrochemicals
317,317,http://www.moneycontrol.com/india/stockpricequote/financeinvestments/muthootfinance/MF10,15707.59,9.13,205.89,60.00,1,36.39,43.00,8.90,1.91,1.53,10.0,"15,707.59",MF10,financeinvestments,muthootfinance
318,318,http://www.moneycontrol.com/india/stockpricequote/aluminium/nationalaluminiumcompany/NAC,11674.89,8.70,59.74,56.00,1,22.03,6.94,6.41,1.01,4.64,5.0,"11,674.89",NAC,aluminium,nationalaluminiumcompany
319,319,http://www.moneycontrol.com/india/stockpricequote/hospitalsmedicalservices/narayanahrudayalaya/NH,4724.82,77.85,54.65,0.00,1,50.52,2.97,34.05,4.23,,10.0,"4,724.82",NH,hospitalsmedicalservices,narayanahrudayalaya
320,320,http://www.moneycontrol.com/india/stockpricequote/pharmaceuticals/natcopharma/NP07,14826.81,21.24,130.08,362.50,1,29.29,37.84,19.42,6.18,0.90,2.0,"14,826.81",NP07,pharmaceuticals,natcopharma
321,321,http://www.moneycontrol.com/india/stockpricequote/diversified/navabharatventures/NBV,2377.73,14.71,160.54,50.00,1,21.68,9.05,11.95,0.83,0.75,2.0,"2,377.73",NBV,diversified,navabharatventures
322,322,http://www.moneycontrol.com/india/stockpricequote/chemicals/navinfluorineinternational/NFI,3177.99,17.76,151.6,315.00,1,25.21,36.27,14.64,4.25,0.98,2.0,"3,177.99",NFI,chemicals,navinfluorineinternational
323,323,http://www.moneycontrol.com/india/stockpricequote/transportlogistics/navkarcorporation/NC02,1911.59,18.57,89.09,0.00,1,41.99,6.84,15.17,1.43,,10.0,"1,911.59",NC02,transportlogistics,navkarcorporation
324,324,http://www.moneycontrol.com/india/stockpricequote/printingstationery/navneeteducation/NP01,2940.50,19.19,37.63,125.00,1,15.02,6.56,16.63,3.35,1.99,2.0,"2,940.50",NP01,printingstationery,navneeteducation
325,325,http://www.moneycontrol.com/india/stockpricequote/infrastructuregeneral/nbccindia/NBC01,14382.00,43.19,9.3,81.50,1,29.27,1.85,42.73,8.59,1.02,1.0,"14,382.00",NBC01,infrastructuregeneral,nbccindia
326,326,http://www.moneycontrol.com/india/stockpricequote/constructioncontractingcivil/ncc/NCC01,5877.33,20.51,62.23,20.00,1,29.27,4.77,14.54,1.57,0.41,2.0,"5,877.33",NCC01,constructioncontractingcivil,ncc
327,327,http://www.moneycontrol.com/india/stockpricequote/foodprocessing/nestleindia/NI,96724.25,72.05,354.77,860.00,1,64.19,139.24,57.41,28.28,0.86,10.0,"96,724.25",NI,foodprocessing,nestleindia
329,329,http://www.moneycontrol.com/india/stockpricequote/powergenerationdistribution/nhpc/N07,25237.93,9.14,28.95,18.00,1,11.32,2.69,6.06,0.85,7.32,10.0,"25,237.93",N07,powergenerationdistribution,nhpc
330,330,http://www.moneycontrol.com/india/stockpricequote/computerssoftwaretraining/niit/NII,1636.87,316.61,48.49,0.00,1,96.79,0.31,56.41,2.02,,2.0,"1,636.87",NII,computerssoftwaretraining,niit
331,331,http://www.moneycontrol.com/india/stockpricequote/computerssoftware/niittechnologies/NII02,6816.74,30.13,217.85,125.00,1,21.88,36.79,22.08,5.09,1.13,10.0,"6,816.74",NII02,computerssoftware,niittechnologies
332,332,http://www.moneycontrol.com/india/stockpricequote/plastics/nilkamal/NP08,2501.91,21.37,534.21,130.00,1,35.44,78.47,15.11,3.14,0.78,10.0,"2,501.91",NP08,plastics,nilkamal
333,333,http://www.moneycontrol.com/india/stockpricequote/powergenerationdistribution/nlcindia/NLC,12442.55,6.73,91.9,73.40,1,11.32,12.09,4.59,0.89,9.02,10.0,"12,442.55",NLC,powergenerationdistribution,nlcindia
334,334,http://www.moneycontrol.com/india/stockpricequote/miningminerals/nmdc/NMD02,34027.64,8.94,83.2,515.00,1,14.03,12.03,8.38,1.29,4.79,1.0,"34,027.64",NMD02,miningminerals,nmdc
335,335,http://www.moneycontrol.com/india/stockpricequote/powergenerationdistribution/ntpc/NTP,127763.47,12.36,129.25,47.80,1,11.32,12.54,7.33,1.20,3.08,10.0,"127,763.47",NTP,powergenerationdistribution,ntpc
336,336,http://www.moneycontrol.com/india/stockpricequote/constructioncontractingrealestate/oberoirealty/OR,16807.51,40.30,123.37,20.00,1,29.27,11.47,36.80,3.75,0.43,10.0,"16,807.51",OR,constructioncontractingrealestate,oberoirealty
337,337,http://www.moneycontrol.com/india/stockpricequote/cementmajor/oclindia/OCL,6180.50,14.64,488.16,250.00,1,35.54,74.21,10.48,2.23,0.46,2.0,"6,180.50",OCL,cementmajor,oclindia
338,338,http://www.moneycontrol.com/india/stockpricequote/oildrillingandexploration/oilindia/OI13,24048.61,9.01,255.93,95.00,1,11.12,23.51,6.11,0.83,4.48,10.0,"24,048.61",OI13,oildrillingandexploration,oilindia
339,339,http://www.moneycontrol.com/india/stockpricequote/constructioncontractingrealestate/omaxe/O02,4006.44,63.13,105.59,7.00,1,29.27,3.47,57.64,2.07,0.32,10.0,"4,006.44",O02,constructioncontractingrealestate,omaxe
340,340,http://www.moneycontrol.com/india/stockpricequote/oildrillingandexploration/oilnaturalgascorporation/ONG,202829.28,10.17,160.12,121.00,1,11.12,15.54,5.89,0.99,3.83,5.0,"202,829.28",ONG,oildrillingandexploration,oilnaturalgascorporation
341,341,http://www.moneycontrol.com/india/stockpricequote/computerssoftware/oraclefinancialservicessoftware/OFS01,34883.95,34.68,313.17,3400.00,1,21.88,117.73,32.81,13.04,4.16,5.0,"34,883.95",OFS01,computerssoftware,oraclefinancialservicessoftware
342,342,http://www.moneycontrol.com/india/stockpricequote/cementmajor/orientcement/OC10,2304.77,52.08,50.34,100.00,1,35.54,2.16,13.52,2.23,0.89,1.0,"2,304.77",OC10,cementmajor,orientcement
344,344,http://www.moneycontrol.com/india/stockpricequote/personalcare/proctergamblehygienehealthcare/PGH,32071.21,78.59,162.08,3890.00,1,65.6,125.71,68.55,60.96,3.94,10.0,"32,071.21",PGH,personalcare,proctergamblehygienehealthcare
345,345,http://www.moneycontrol.com/india/stockpricequote/textilesreadymadeapparels/pageindustries/PI35,30844.09,88.89,907.99,970.00,1,48.86,311.08,82.26,30.46,0.35,10.0,"30,844.09",PI35,textilesreadymadeapparels,pageindustries
346,346,http://www.moneycontrol.com/india/stockpricequote/foodprocessing/paragmilkfoods/PMF01,2671.48,34.04,88.52,5.00,1,64.19,9.33,20.99,3.59,0.16,10.0,"2,671.48",PMF01,foodprocessing,paragmilkfoods
347,347,http://www.moneycontrol.com/india/stockpricequote/diamondcuttingjewellerypreciousmetals/pcjeweller/PJ,5558.05,9.80,70.83,10.00,1,23.91,14.38,9.46,1.99,0.71,10.0,"5,558.05",PJ,diamondcuttingjewellerypreciousmetals,pcjeweller
348,348,http://www.moneycontrol.com/india/stockpricequote/computerssoftware/persistentsystems/PS15,6608.00,19.32,269.57,90.00,1,21.88,42.76,16.69,3.06,1.09,10.0,"6,608.00",PS15,computerssoftware,persistentsystems
349,349,http://www.moneycontrol.com/india/stockpricequote/oildrillingandexploration/petronetlng/PLN,31920.00,15.36,53.88,25.00,1,14.8,13.85,12.82,3.95,1.17,10.0,"31,920.00",PLN,oildrillingandexploration,petronetlng
350,350,http://www.moneycontrol.com/india/stockpricequote/pharmaceuticals/pfizer/P,11933.75,33.14,607.45,200.00,1,29.29,78.71,27.99,4.29,0.77,10.0,"11,933.75",P,pharmaceuticals,pfizer
351,351,http://www.moneycontrol.com/india/stockpricequote/constructioncontractingrealestate/phoenixmills/PM02,9758.93,63.01,158.76,120.00,1,29.27,10.11,50.00,4.01,0.38,2.0,"9,758.93",PM02,constructioncontractingrealestate,phoenixmills
352,352,http://www.moneycontrol.com/india/stockpricequote/pesticidesagrochemicals/piindustries/PII,10509.23,28.67,143.24,400.00,1,37.28,26.58,23.40,5.32,0.52,1.0,"10,509.23",PII,pesticidesagrochemicals,piindustries
353,353,http://www.moneycontrol.com/india/stockpricequote/chemicals/pidiliteindustries/PI11,53592.84,56.11,85.74,475.00,1,41.1,18.81,51.21,12.31,0.45,1.0,"53,592.84",PI11,chemicals,pidiliteindustries
354,354,http://www.moneycontrol.com/india/stockpricequote/pharmaceuticals/piramalenterprises/PH05,45873.21,88.48,897.64,1050.00,1,29.29,28.71,72.80,2.83,0.83,2.0,"45,873.21",PH05,pharmaceuticals,piramalenterprises
356,356,http://www.moneycontrol.com/india/stockpricequote/financehousing/pnbhousingfinance/PHF,20299.01,24.44,382.8,60.00,1,24.07,49.61,23.75,3.17,0.49,10.0,"20,299.01",PHF,financehousing,pnbhousingfinance
357,357,http://www.moneycontrol.com/india/stockpricequote/constructioncontractingrealestate/pncinfratech/PI26,3830.13,15.25,71.07,25.00,1,29.27,9.79,11.66,2.10,0.33,2.0,"3,830.13",PI26,constructioncontractingrealestate,pncinfratech
358,358,http://www.moneycontrol.com/india/stockpricequote/computerssoftware/polarisconsultingservices/PSL01,4823.21,26.67,73.78,0.00,1,21.88,17.55,23.58,6.34,,5.0,"4,823.21",PSL01,computerssoftware,polarisconsultingservices
359,359,http://www.moneycontrol.com/india/stockpricequote/financetermlendinginstitutions/powerfinancecorporation/PFC02,21226.25,3.62,160.32,50.00,1,5.47,22.18,3.62,0.50,6.22,10.0,"21,226.25",PFC02,financetermlendinginstitutions,powerfinancecorporation
360,360,http://www.moneycontrol.com/india/stockpricequote/powergenerationdistribution/powergridcorporationindia/PGC,100158.78,12.16,110.95,10.00,1,14.04,15.75,5.78,1.73,0.52,10.0,"100,158.78",PGC,powergenerationdistribution,powergridcorporationindia
361,361,http://www.moneycontrol.com/india/stockpricequote/engineeringheavy/prajindustries/PI17,1484.78,47.04,39.43,81.00,1,22.07,1.74,28.13,2.08,1.98,2.0,"1,484.78",PI17,engineeringheavy,prajindustries
362,362,http://www.moneycontrol.com/india/stockpricequote/constructioncontractingrealestate/prestigeestatesprojects/PEP02,10441.88,44.98,132.66,12.00,1,29.27,6.19,36.30,2.10,0.43,10.0,"10,441.88",PEP02,constructioncontractingrealestate,prestigeestatesprojects
364,364,http://www.moneycontrol.com/india/stockpricequote/trading/ptcindia/PTC02,2332.55,7.31,114.66,30.00,1,11.32,10.78,7.24,0.69,3.81,10.0,"2,332.55",PTC02,trading,ptcindia
365,365,http://www.moneycontrol.com/india/stockpricequote/financetermlendinginstitutions/ptcindiafinancialservices/PIF02,1107.94,45.39,38.05,15.00,1,36.39,0.38,39.20,0.45,8.70,10.0,"1,107.94",PIF02,financetermlendinginstitutions,ptcindiafinancialservices
366,366,http://www.moneycontrol.com/india/stockpricequote/mediaentertainment/pvr/PVR,6286.57,51.77,229.87,20.00,1,33.99,25.98,23.94,5.85,0.15,10.0,"6,286.57",PVR,mediaentertainment,pvr
367,367,http://www.moneycontrol.com/india/stockpricequote/breweriesdistilleries/radicokhaitan/RK01,5324.96,43.14,86.52,40.00,1,66.6,9.26,32.40,4.62,0.20,2.0,"5,324.96",RK01,breweriesdistilleries,radicokhaitan
368,368,http://www.moneycontrol.com/india/stockpricequote/cementmajor/rainindustries/RC12,6516.70,210.60,27.43,50.00,1,35.54,0.92,206.12,7.06,0.52,2.0,"6,516.70",RC12,cementmajor,rainindustries
369,369,http://www.moneycontrol.com/india/stockpricequote/diamondcuttingjewellerypreciousmetals/rajeshexports/RE07,17863.23,40.50,141.66,110.00,1,23.91,14.94,40.36,4.27,0.18,1.0,"17,863.23",RE07,diamondcuttingjewellerypreciousmetals,rajeshexports
370,370,http://www.moneycontrol.com/india/stockpricequote/pesticidesagrochemicals/rallisindia/RI03,3780.48,26.70,60.62,250.00,1,37.28,7.28,20.77,3.21,1.29,1.0,"3,780.48",RI03,pesticidesagrochemicals,rallisindia
371,371,http://www.moneycontrol.com/india/stockpricequote/cementmajor/theramcocements/MC,16918.36,30.45,155.92,300.00,1,35.54,23.15,19.95,4.52,0.43,1.0,"16,918.36",MC,cementmajor,theramcocements
372,372,http://www.moneycontrol.com/india/stockpricequote/fertilisers/rashtriyachemicalsfertilisers/RCF01,3955.60,50.14,54.45,11.00,1,14.11,1.43,18.34,1.32,1.53,10.0,"3,955.60",RCF01,fertilisers,rashtriyachemicalsfertilisers
373,373,http://www.moneycontrol.com/india/stockpricequote/steeltubespipes/ratnamanimetalstubes/RMT,4303.65,28.36,286.49,275.00,1,18.02,32.48,20.26,3.21,0.60,2.0,"4,303.65",RMT,steeltubespipes,ratnamanimetalstubes
375,375,http://www.moneycontrol.com/india/stockpricequote/textileswoollenworsted/raymond/R,5849.29,59.63,214.57,30.00,1,57.97,15.98,30.19,4.44,0.31,10.0,"5,849.29",R,textileswoollenworsted,raymond
376,376,http://www.moneycontrol.com/india/stockpricequote/banksprivatesector/rblbank/RB03,23508.01,37.01,158.92,18.00,1,32.82,15.10,37.01,3.52,0.32,10.0,"23,508.01",RB03,banksprivatesector,rblbank
377,377,http://www.moneycontrol.com/india/stockpricequote/financetermlendinginstitutions/ruralelectrificationcorporation/REC02,21230.37,4.57,192.27,96.50,1,5.47,23.53,4.56,0.56,8.98,10.0,"21,230.37",REC02,financetermlendinginstitutions,ruralelectrificationcorporation
378,378,http://www.moneycontrol.com/india/stockpricequote/computershardware/redingtonindia/RI37,4702.03,25.54,43.24,215.00,1,28.31,4.60,23.79,2.72,3.66,2.0,"4,702.03",RI37,computershardware,redingtonindia
379,379,http://www.moneycontrol.com/india/stockpricequote/financeinvestments/reliancecapital/RC,10426.60,12.50,574.93,105.00,1,36.39,33.00,12.20,0.72,2.54,10.0,"10,426.60",RC,financeinvestments,reliancecapital
380,380,http://www.moneycontrol.com/india/stockpricequote/leatherproducts/relaxofootwears/RF07,8611.90,53.48,63.64,100.00,1,41.69,13.38,39.97,11.24,0.14,1.0,"8,611.90",RF07,leatherproducts,relaxofootwears
381,381,http://www.moneycontrol.com/india/stockpricequote/refineries/relianceindustries/RI,620092.45,18.45,496.59,60.00,1,21.68,53.05,14.36,1.97,0.61,10.0,"620,092.45",RI,refineries,relianceindustries
383,383,http://www.moneycontrol.com/india/stockpricequote/powergenerationdistribution/relianceinfrastructure/RI38,10990.35,6.60,861.61,90.00,1,11.32,63.29,4.30,0.49,2.15,10.0,"10,990.35",RI38,powergenerationdistribution,relianceinfrastructure
385,385,http://www.moneycontrol.com/india/stockpricequote/powergenerationdistribution/reliancepower/RP,9509.38,"3,390.00",59.91,0.00,1,11.32,0.01,565.00,0.57,,10.0,"9,509.38",RP,powergenerationdistribution,reliancepower
387,387,http://www.moneycontrol.com/india/stockpricequote/financehousing/repcohomefinance/RHF,3393.64,16.46,214.73,20.00,1,24.07,32.95,16.22,2.53,0.37,10.0,"3,393.64",RHF,financehousing,repcohomefinance
388,388,http://www.moneycontrol.com/india/stockpricequote/computerssoftware/roltaindia/RI15,619.58,4.03,236.15,0.00,1,21.88,9.29,2.44,0.16,,10.0,619.58,RI15,computerssoftware,roltaindia
389,389,http://www.moneycontrol.com/india/stockpricequote/chemicals/shkelkarcompany/KC17,3287.95,47.66,47.56,0.00,1,25.21,4.77,41.34,4.78,,10.0,"3,287.95",KC17,chemicals,shkelkarcompany
390,390,http://www.moneycontrol.com/india/stockpricequote/infrastructuregeneral/sadbhavengineering/SE19,4906.92,22.24,109.67,75.00,1,29.27,12.86,15.40,2.61,0.26,1.0,"4,906.92",SE19,infrastructuregeneral,sadbhavengineering
392,392,http://www.moneycontrol.com/india/stockpricequote/pharmaceuticals/sanofiindia/AP26,12021.52,34.50,868.77,710.00,1,29.29,151.32,26.67,6.01,1.36,10.0,"12,021.52",AP26,pharmaceuticals,sanofiindia
394,394,http://www.moneycontrol.com/india/stockpricequote/bearings/schaefflerindia/FAG,8832.41,35.82,1020.21,170.00,1,33.87,148.38,27.80,5.21,0.32,10.0,"8,832.41",FAG,bearings,schaefflerindia
396,396,http://www.moneycontrol.com/india/stockpricequote/pharmaceuticals/sequentscientific/PID01,1330.80,3.29,68.26,0.00,1,29.29,16.60,3.26,0.80,,2.0,"1,330.80",PID01,pharmaceuticals,sequentscientific
397,397,http://www.moneycontrol.com/india/stockpricequote/pesticidesagrochemicals/shardacropchem/SC04,3297.11,17.05,120.06,40.00,1,37.28,21.43,12.53,3.04,1.09,10.0,"3,297.11",SC04,pesticidesagrochemicals,shardacropchem
398,398,http://www.moneycontrol.com/india/stockpricequote/miscellaneous/sheelafoam/SF14,7317.42,58.12,111.99,0.00,1,26.0,25.81,47.60,13.39,,5.0,"7,317.42",SF14,miscellaneous,sheelafoam
399,399,http://www.moneycontrol.com/india/stockpricequote/pharmaceuticals/shilpamedicare/SM19,3190.15,23.63,133.62,60.00,1,29.29,16.56,19.01,2.93,0.15,1.0,"3,190.15",SM19,pharmaceuticals,shilpamedicare
400,400,http://www.moneycontrol.com/india/stockpricequote/shipping/shippingcorporationindia/SCI,2741.23,10.80,152.88,0.00,1,17.64,5.45,3.17,0.38,,10.0,"2,741.23",SCI,shipping,shippingcorporationindia
401,401,http://www.moneycontrol.com/india/stockpricequote/retail/shoppersstop/SS51,4752.34,409.17,88.03,15.00,1,145.93,1.32,38.47,6.14,0.14,5.0,"4,752.34",SS51,retail,shoppersstop
402,402,http://www.moneycontrol.com/india/stockpricequote/cementmajor/shreecements/SC12,55463.30,40.07,2607.07,1400.00,1,35.54,397.33,24.29,6.11,0.88,10.0,"55,463.30",SC12,cementmajor,shreecements
404,404,http://www.moneycontrol.com/india/stockpricequote/financeleasinghirepurchase/shriramcityunionfinance/SCU,13107.60,19.72,762.27,150.00,1,36.39,100.77,18.78,2.61,0.75,10.0,"13,107.60",SCU,financeleasinghirepurchase,shriramcityunionfinance
405,405,http://www.moneycontrol.com/india/stockpricequote/financeleasinghirepurchase/shriramtransportfinancecorporation/STF,31995.00,20.41,567.26,100.00,1,36.39,69.11,19.95,2.49,0.71,10.0,"31,995.00",STF,financeleasinghirepurchase,shriramtransportfinancecorporation
406,406,http://www.moneycontrol.com/india/stockpricequote/infrastructuregeneral/siemens/S,35271.93,29.47,216.35,350.00,1,37.3,33.61,25.31,4.58,0.71,2.0,"35,271.93",S,infrastructuregeneral,siemens
408,408,http://www.moneycontrol.com/india/stockpricequote/powergenerationdistribution/sjvn/S11,11514.30,9.39,31.81,27.50,1,11.32,3.12,7.25,0.92,9.39,10.0,"11,514.30",S11,powergenerationdistribution,sjvn
409,409,http://www.moneycontrol.com/india/stockpricequote/bearings/skfindia/SKF01,8953.34,30.25,410.17,150.00,1,33.87,57.65,26.20,4.25,0.86,10.0,"8,953.34",SKF01,bearings,skfindia
410,410,http://www.moneycontrol.com/india/stockpricequote/autolcvshcvs/smlisuzu/SM,1094.85,128.88,284.01,0.00,1,36.01,5.87,29.67,2.66,,10.0,"1,094.85",SM,autolcvshcvs,smlisuzu
411,411,http://www.moneycontrol.com/india/stockpricequote/constructioncontractingrealestate/sobha/SD6,4554.50,23.49,285.41,20.00,1,29.27,20.44,18.64,1.68,0.42,10.0,"4,554.50",SD6,constructioncontractingrealestate,sobha
412,412,http://www.moneycontrol.com/india/stockpricequote/chemicals/solarindustriesindia/SII04,10542.09,78.50,87.62,250.00,1,72.67,14.84,65.74,13.30,0.43,2.0,"10,542.09",SII04,chemicals,solarindustriesindia
413,413,http://www.moneycontrol.com/india/stockpricequote/ceramicsgranite/somanyceramics/SC49,2209.88,33.95,134.72,135.00,1,24.23,15.36,23.99,3.87,0.52,2.0,"2,209.88",SC49,ceramicsgranite,somanyceramics
414,414,http://www.moneycontrol.com/india/stockpricequote/computerssoftwaremediumsmall/sonatasoftware/SS42,3334.08,22.03,57.76,900.00,1,21.88,14.39,21.34,5.49,2.84,1.0,"3,334.08",SS42,computerssoftwaremediumsmall,sonatasoftware
415,415,http://www.moneycontrol.com/india/stockpricequote/banksprivatesector/southindianbank/SIB,4143.75,12.38,27.64,40.00,1,32.82,1.85,10.41,0.83,1.75,1.0,"4,143.75",SIB,banksprivatesector,southindianbank
416,416,http://www.moneycontrol.com/india/stockpricequote/transportlogistics/spicejet/SJ01,6806.76,12.02,-0.71,0.00,1,18.59,9.45,8.53,,,10.0,"6,806.76",SJ01,transportlogistics,spicejet
417,417,http://www.moneycontrol.com/india/stockpricequote/financeleasinghirepurchase/sreiinfrastructurefinance/SRE02,3446.14,27.96,59.4,5.00,1,36.39,2.45,19.52,1.15,0.73,10.0,"3,446.14",SRE02,financeleasinghirepurchase,sreiinfrastructurefinance
418,418,http://www.moneycontrol.com/india/stockpricequote/textilesmanmade/srf/SRF,9647.79,23.78,618.16,120.00,1,23.51,70.65,14.11,2.72,0.71,10.0,"9,647.79",SRF,textilesmanmade,srf
419,419,http://www.moneycontrol.com/india/stockpricequote/cablestelephone/sterlitetechnologies/ST20,11201.35,43.66,26.65,100.00,1,28.92,6.39,26.25,10.47,0.72,2.0,"11,201.35",ST20,cablestelephone,sterlitetechnologies
420,420,http://www.moneycontrol.com/india/stockpricequote/pharmaceuticals/stridesshasun/SA10,3448.08,3.89,360.99,45.00,1,29.29,98.97,3.58,1.07,1.17,10.0,"3,448.08",SA10,pharmaceuticals,stridesshasun
421,421,http://www.moneycontrol.com/india/stockpricequote/dyespigments/sudarshanchemicalindustries/SCI08,3018.31,34.28,69.84,175.00,1,22.1,12.72,20.64,6.24,0.80,2.0,"3,018.31",SCI08,dyespigments,sudarshanchemicalindustries
424,424,http://www.moneycontrol.com/india/stockpricequote/mediaentertainment/suntvnetwork/STN01,31903.12,29.18,129.79,200.00,1,33.99,27.74,20.82,6.24,1.24,5.0,"31,903.12",STN01,mediaentertainment,suntvnetwork
425,425,http://www.moneycontrol.com/india/stockpricequote/fasteners/sundramfasteners/SF23,13158.24,35.80,79.98,450.00,1,35.18,17.49,28.26,7.83,0.72,1.0,"13,158.24",SF23,fasteners,sundramfasteners
426,426,http://www.moneycontrol.com/india/stockpricequote/constructioncontractingrealestate/sunteckrealty/SR05,5688.73,46.01,67.15,150.00,1,29.27,8.45,45.69,5.79,0.39,1.0,"5,688.73",SR05,constructioncontractingrealestate,sunteckrealty
427,427,http://www.moneycontrol.com/india/stockpricequote/plastics/supremeindustries/SI48,14862.78,36.29,136.43,600.00,1,35.44,32.24,25.77,8.58,1.03,2.0,"14,862.78",SI48,plastics,supremeindustries
428,428,http://www.moneycontrol.com/india/stockpricequote/pharmaceuticals/suvenlifesciences/SLS01,2683.75,16.94,69.92,100.00,1,29.29,12.45,14.93,3.02,0.47,1.0,"2,683.75",SLS01,pharmaceuticals,suvenlifesciences
430,430,http://www.moneycontrol.com/india/stockpricequote/trading/swanenergy/SM09,3785.98,52.01,21.05,7.50,1,21.21,2.98,48.44,7.36,0.05,1.0,"3,785.98",SM09,trading,swanenergy
431,431,http://www.moneycontrol.com/india/stockpricequote/consumergoodswhitegoods/symphony/SCS04,10283.68,56.21,91.61,225.00,1,48.54,26.15,54.91,16.05,0.31,2.0,"10,283.68",SCS04,consumergoodswhitegoods,symphony
433,433,http://www.moneycontrol.com/india/stockpricequote/miscellaneous/syngeneinternational/SI10,11600.00,38.01,85.91,10.00,1,37.84,15.26,26.57,6.75,0.17,10.0,"11,600.00",SI10,miscellaneous,syngeneinternational
434,434,http://www.moneycontrol.com/india/stockpricequote/computerssoftwaremediumsmall/takesolutions/TS09,3366.60,220.92,33.98,100.00,1,21.88,1.03,210.69,6.70,0.44,1.0,"3,366.60",TS09,computerssoftwaremediumsmall,takesolutions
436,436,http://www.moneycontrol.com/india/stockpricequote/chemicals/tatachemicals/TC,17960.32,10.16,416.96,110.00,1,9.53,69.36,9.48,1.69,1.56,10.0,"17,960.32",TC,chemicals,tatachemicals
437,437,http://www.moneycontrol.com/india/stockpricequote/plantationsteacoffee/tatacoffee/TC14,2182.41,34.78,49.27,150.00,1,30.94,3.36,25.63,2.37,1.28,1.0,"2,182.41",TC14,plantationsteacoffee,tatacoffee
438,438,http://www.moneycontrol.com/india/stockpricequote/telecommunicationsservice/tatacommunications/TC17,16900.50,63.35,334.1,60.00,1,338.81,9.36,15.41,1.77,1.01,10.0,"16,900.50",TC17,telecommunicationsservice,tatacommunications
439,439,http://www.moneycontrol.com/india/stockpricequote/computerssoftware/tataelxsi/TE,8406.39,35.02,89.76,160.00,1,21.88,38.54,31.67,15.04,1.19,10.0,"8,406.39",TE,computerssoftware,tataelxsi
440,440,http://www.moneycontrol.com/india/stockpricequote/plantationsteacoffee/tataglobalbeverage/TT,16832.23,31.49,66.76,250.00,1,30.94,8.47,29.97,3.99,0.94,1.0,"16,832.23",TT,plantationsteacoffee,tataglobalbeverage
441,441,http://www.moneycontrol.com/india/stockpricequote/financeinvestments/tatainvestmentcorporation/TIC,4687.23,19.74,486.81,180.00,1,36.39,43.10,19.73,1.75,2.12,10.0,"4,687.23",TIC,financeinvestments,tatainvestmentcorporation
445,445,http://www.moneycontrol.com/india/stockpricequote/steelspongeiron/tataspongeiron/TSI,1622.39,11.52,640.54,200.00,1,9.39,91.47,10.59,1.64,1.90,10.0,"1,622.39",TSI,steelspongeiron,tataspongeiron
446,446,http://www.moneycontrol.com/india/stockpricequote/steellarge/tatasteel/TIS,66148.30,15.86,478.87,100.00,1,16.62,34.63,8.38,1.15,1.82,10.0,"66,148.30",TIS,steellarge,tatasteel
447,447,http://www.moneycontrol.com/india/stockpricequote/computerssoftware/tataconsultancyservices/TCS,709320.12,28.10,198.16,5000.00,1,21.88,65.93,26.38,9.35,2.70,1.0,"709,320.12",TCS,computerssoftware,tataconsultancyservices
448,448,http://www.moneycontrol.com/india/stockpricequote/computerssoftware/techmahindra/TM4,67472.47,16.87,172.35,180.00,1,21.88,40.80,14.49,3.99,1.31,5.0,"67,472.47",TM4,computerssoftware,techmahindra
449,449,http://www.moneycontrol.com/india/stockpricequote/electricequipment/technoelectricengineeringcompany/TEE,3054.82,23.09,87.31,0.00,1,22.07,11.74,22.63,3.11,,2.0,"3,054.82",TEE,electricequipment,technoelectricengineeringcompany
450,450,http://www.moneycontrol.com/india/stockpricequote/infrastructuregeneral/texmacorailengineering/TRE,1532.32,151.41,47.51,25.00,1,22.07,0.46,53.17,1.47,0.36,1.0,"1,532.32",TRE,infrastructuregeneral,texmacorailengineering
451,451,http://www.moneycontrol.com/india/stockpricequote/infrastructuregeneral/thermax/T,12472.09,52.36,222.23,300.00,1,28.26,19.99,41.24,4.71,0.57,2.0,"12,472.09",T,infrastructuregeneral,thermax
452,452,http://www.moneycontrol.com/india/stockpricequote/miscellaneous/thomascookindia/TCI,10147.65,19.09,31.32,37.50,1,21.39,14.35,18.45,8.75,0.14,1.0,"10,147.65",TCI,miscellaneous,thomascookindia
453,453,http://www.moneycontrol.com/india/stockpricequote/hospitalsmedicalservices/thyrocaretechnologies/TT16,3105.22,32.33,96.14,100.00,1,50.52,17.88,28.71,6.01,1.73,10.0,"3,105.22",TT16,hospitalsmedicalservices,thyrocaretechnologies
454,454,http://www.moneycontrol.com/india/stockpricequote/miscellaneous/tifinancialholdings/TII,11219.37,189.24,51.63,125.00,1,36.39,3.16,189.24,11.58,0.21,1.0,"11,219.37",TII,miscellaneous,tifinancialholdings
455,455,http://www.moneycontrol.com/india/stockpricequote/bearings/timkenindia/TI23,5086.40,55.24,104.39,10.00,1,33.87,13.54,37.63,7.17,0.13,10.0,"5,086.40",TI23,bearings,timkenindia
456,456,http://www.moneycontrol.com/india/stockpricequote/infrastructuregeneral/titagarhwagons/TW04,1106.65,383.20,77.72,40.00,1,22.07,0.25,69.42,1.23,0.84,2.0,"1,106.65",TW04,infrastructuregeneral,titagarhwagons
457,457,http://www.moneycontrol.com/india/stockpricequote/miscellaneous/titancompany/TI01,77583.63,66.71,61.67,260.00,1,65.55,13.10,60.98,14.17,0.30,1.0,"77,583.63",TI01,miscellaneous,titancompany
458,458,http://www.moneycontrol.com/india/stockpricequote/pharmaceuticals/torrentpharmaceuticals/TP06,24689.78,51.23,263.18,280.00,1,29.29,28.48,28.51,5.54,0.96,5.0,"24,689.78",TP06,pharmaceuticals,torrentpharmaceuticals
459,459,http://www.moneycontrol.com/india/stockpricequote/powergenerationdistribution/torrentpower/TP14,10950.85,11.88,162.42,22.00,1,11.32,19.18,5.39,1.40,0.97,10.0,"10,950.85",TP14,powergenerationdistribution,torrentpower
460,460,http://www.moneycontrol.com/india/stockpricequote/retail/trent/T04,10368.28,88.89,49.88,100.00,1,70.62,3.51,65.41,6.26,0.32,1.0,"10,368.28",T04,retail,trent
461,461,http://www.moneycontrol.com/india/stockpricequote/textilesspinningcottonblended/trident/AI01,2851.19,10.80,58.64,15.00,1,14.02,5.18,4.27,0.95,2.68,10.0,"2,851.19",AI01,textilesspinningcottonblended,trident
462,462,http://www.moneycontrol.com/india/stockpricequote/electricequipment/triveniturbine/TT14,3791.38,38.56,14.97,120.00,1,31.71,2.98,32.28,7.68,1.04,1.0,"3,791.38",TT14,electricequipment,triveniturbine
463,463,http://www.moneycontrol.com/india/stockpricequote/domesticappliances/ttkprestige/TTK02,6771.64,26.36,962.42,270.00,1,48.54,222.38,24.01,6.09,0.46,10.0,"6,771.64",TTK02,domesticappliances,ttkprestige
464,464,http://www.moneycontrol.com/india/stockpricequote/mediaentertainment/tvtodaynetwork/TVT,2559.14,21.80,125.58,40.00,1,33.99,19.68,17.22,3.42,0.47,5.0,"2,559.14",TVT,mediaentertainment,tvtodaynetwork
465,465,http://www.moneycontrol.com/india/stockpricequote/mediaentertainment/tv18broadcast/IBN,9694.71,100.98,22.13,0.00,1,33.99,0.56,84.40,2.56,,2.0,"9,694.71",IBN,mediaentertainment,tv18broadcast
466,466,http://www.moneycontrol.com/india/stockpricequote/auto23wheelers/tvsmotorcompany/TVS,27614.44,41.67,64.64,250.00,1,21.74,13.95,27.57,8.99,0.43,1.0,"27,614.44",TVS,auto23wheelers,tvsmotorcompany
467,467,http://www.moneycontrol.com/india/stockpricequote/tyres/tvssrichakra/TVS03,2354.54,20.02,904.51,507.00,1,26.65,153.60,12.67,3.40,1.65,10.0,"2,354.54",TVS03,tyres,tvssrichakra
469,469,http://www.moneycontrol.com/india/stockpricequote/packaging/uflex/U01,1934.55,19.16,296.73,35.00,1,22.73,13.98,6.00,0.90,1.31,10.0,"1,934.55",U01,packaging,uflex
470,470,http://www.moneycontrol.com/india/stockpricequote/financegeneral/ujjivanfinancialservices/UFS01,4651.32,"12,818.33",145.06,5.00,1,36.39,0.03,"9,613.75",2.65,0.13,10.0,"4,651.32",UFS01,financegeneral,ujjivanfinancialservices
471,471,http://www.moneycontrol.com/india/stockpricequote/cementmajor/ultratechcement/UTC01,104891.56,47.01,953.06,100.00,1,35.54,81.25,26.26,4.01,0.26,10.0,"104,891.56",UTC01,cementmajor,ultratechcement
472,472,http://www.moneycontrol.com/india/stockpricequote/pharmaceuticals/unichemlaboratories/UL02,1678.24,0.66,523.65,150.00,1,29.29,363.48,0.65,0.46,1.26,2.0,"1,678.24",UL02,pharmaceuticals,unichemlaboratories
475,475,http://www.moneycontrol.com/india/stockpricequote/breweriesdistilleries/unitedbreweries/UB02,32204.55,81.74,103.12,115.00,1,66.6,14.90,49.27,11.81,0.09,1.0,"32,204.55",UB02,breweriesdistilleries,unitedbreweries
476,476,http://www.moneycontrol.com/india/stockpricequote/chemicals/upl/UP04,32564.82,59.42,161.32,350.00,1,37.28,10.76,26.83,3.96,1.09,2.0,"32,564.82",UP04,chemicals,upl
477,477,http://www.moneycontrol.com/india/stockpricequote/electricequipment/vguardindustries/VI02,8490.80,63.71,14.96,70.00,1,46.5,3.13,55.85,13.33,0.35,1.0,"8,490.80",VI02,electricequipment,vguardindustries
478,478,http://www.moneycontrol.com/india/stockpricequote/infrastructuregeneral/vatechwabag/VTW,2234.39,19.08,172.2,200.00,1,28.26,21.43,17.70,2.37,0.98,2.0,"2,234.39",VTW,infrastructuregeneral,vatechwabag
479,479,http://www.moneycontrol.com/india/stockpricequote/computerssoftwaremediumsmall/vakrangee/VS,6125.18,9.24,19.46,200.00,1,21.88,6.26,9.18,2.97,3.46,1.0,"6,125.18",VS,computerssoftwaremediumsmall,vakrangee
480,480,http://www.moneycontrol.com/india/stockpricequote/textilesspinningcottonblended/vardhmantextiles/VT10,6973.25,12.78,694.17,150.00,1,14.02,95.01,9.01,1.75,1.24,10.0,"6,973.25",VT10,textilesspinningcottonblended,vardhmantextiles
481,481,http://www.moneycontrol.com/india/stockpricequote/foodprocessing/varunbeverages/VB05,13451.39,55.51,125.77,25.00,1,49.34,13.27,26.07,5.86,0.34,10.0,"13,451.39",VB05,foodprocessing,varunbeverages
482,482,http://www.moneycontrol.com/india/stockpricequote/miningminerals/vedanta/SG,86090.27,11.86,234.11,1945.00,1,14.03,19.52,8.52,0.99,8.40,1.0,"86,090.27",SG,miningminerals,vedanta
484,484,http://www.moneycontrol.com/india/stockpricequote/bankspublicsector/vijayabank/VB03,6840.26,9.42,75.43,12.00,1,11.9,5.57,8.25,0.70,2.29,10.0,"6,840.26",VB03,bankspublicsector,vijayabank
485,485,http://www.moneycontrol.com/india/stockpricequote/chemicals/vinatiorganics/VO01,4942.79,34.35,160.32,25.00,1,30.85,28.00,29.56,6.00,0.05,2.0,"4,942.79",VO01,chemicals,vinatiorganics
486,486,http://www.moneycontrol.com/india/stockpricequote/plastics/vipindustries/VIP,5961.47,50.28,36.63,120.00,1,35.44,8.39,46.05,11.52,0.57,2.0,"5,961.47",VIP,plastics,vipindustries
487,487,http://www.moneycontrol.com/india/stockpricequote/diversified/voltas/V,17371.45,34.65,105.36,350.00,1,21.68,15.15,33.38,4.98,0.67,1.0,"17,371.45",V,diversified,voltas
488,488,http://www.moneycontrol.com/india/stockpricequote/cigarettes/vstindustries/VST,4535.45,24.94,463.87,750.00,1,28.45,117.79,20.52,6.33,2.55,10.0,"4,535.45",VST,cigarettes,vstindustries
489,489,http://www.moneycontrol.com/india/stockpricequote/autoancillaries/wabcoindia/WAB,13245.06,48.55,811.52,140.00,1,63.0,143.84,39.59,8.60,0.10,5.0,"13,245.06",WAB,autoancillaries,wabcoindia
490,490,http://www.moneycontrol.com/india/stockpricequote/steeltubespipes/welspuncorp/WGS,3115.08,24.78,72.97,10.00,1,18.02,4.74,8.57,1.61,0.43,5.0,"3,115.08",WGS,steeltubespipes,welspuncorp
491,491,http://www.moneycontrol.com/india/stockpricequote/textilesweaving/welspunindia/WI03,5566.18,18.28,24.93,65.00,1,18.84,3.03,7.21,2.22,1.17,1.0,"5,566.18",WI03,textilesweaving,welspunindia
492,492,http://www.moneycontrol.com/india/stockpricequote/hotels/westlifedevelopment/DIC,5103.28,"2,981.82",30.79,0.00,1,65.69,0.11,"2,981.82",10.65,,2.0,"5,103.28",DIC,hotels,westlifedevelopment
493,493,http://www.moneycontrol.com/india/stockpricequote/consumergoodswhitegoods/whirlpoolindia/WI,19792.01,56.44,144.53,30.00,1,48.54,27.64,43.77,10.79,0.19,10.0,"19,792.01",WI,consumergoodswhitegoods,whirlpoolindia
494,494,http://www.moneycontrol.com/india/stockpricequote/computerssoftware/wipro/W,125220.98,16.21,95.95,50.00,1,21.88,15.87,14.33,2.68,0.39,2.0,"125,220.98",W,computerssoftware,wipro
495,495,http://www.moneycontrol.com/india/stockpricequote/pharmaceuticals/wockhardt/W05,7246.28,105.47,116.42,200.00,1,29.29,6.21,41.43,5.63,1.53,5.0,"7,246.28",W05,pharmaceuticals,wockhardt
496,496,http://www.moneycontrol.com/india/stockpricequote/miscellaneous/wonderlaholidays/WH01,1854.63,48.20,84.0,10.00,1,21.39,6.81,24.72,3.91,0.30,10.0,"1,854.63",WH01,miscellaneous,wonderlaholidays
497,497,http://www.moneycontrol.com/india/stockpricequote/banksprivatesector/yesbank/YB,77430.50,18.33,111.74,135.00,1,32.82,18.33,17.38,3.01,0.80,2.0,"77,430.50",YB,banksprivatesector,yesbank
498,498,http://www.moneycontrol.com/india/stockpricequote/mediaentertainment/zeeentertainmententerprises/ZEE,53651.47,28.08,46.04,250.00,1,33.99,19.89,26.18,12.13,0.45,1.0,"53,651.47",ZEE,mediaentertainment,zeeentertainmententerprises
499,499,http://www.moneycontrol.com/india/stockpricequote/computerssoftware/zensartechnologies/ZT02,5678.83,29.48,293.53,120.00,1,21.88,42.80,23.79,4.30,0.95,10.0,"5,678.83",ZT02,computerssoftware,zensartechnologies
