LINK,sector,name,code
https://www.moneycontrol.com/india/stockpricequote/diversified/3mindia/MI42,diversified,MI42,3mindia
https://www.moneycontrol.com/india/stockpricequote/financegeneral/aavasfinanciers/AF17,financegeneral,AF17,aavasfinanciers
https://www.moneycontrol.com/india/stockpricequote/financeinvestments/adityabirlacapital/ABC9,financeinvestments,ABC9,adityabirlacapital
https://www.moneycontrol.com/india/stockpricequote/pharmaceuticals/abbottindia/AI51,pharmaceuticals,AI51,abbottindia
https://www.moneycontrol.com/india/stockpricequote/cementmajor/acc/ACC06,cementmajor,ACC06,acc
https://www.moneycontrol.com/india/stockpricequote/trading/adanienterprises/AE13,trading,AE13,adanienterprises
https://www.moneycontrol.com/india/stockpricequote/infrastructuregeneral/adaniportsspecialeconomiczone/MPS,infrastructuregeneral,MPS,adaniportsspecialeconomiczone
https://www.moneycontrol.com/india/stockpricequote/powergenerationdistribution/adanipower/AP11,powergenerationdistribution,AP11,adanipower
https://www.moneycontrol.com/india/stockpricequote/powertransmissionequipment/adanitransmission/AT22,powertransmissionequipment,AT22,adanitransmission
https://www.moneycontrol.com/india/stockpricequote/retail/adityabirlafashionretail/PFR,retail,PFR,adityabirlafashionretail
https://www.moneycontrol.com/india/stockpricequote/pharmaceuticals/advancedenzymetechnologies/AET,pharmaceuticals,AET,advancedenzymetechnologies
https://www.moneycontrol.com/india/stockpricequote/transportlogistics/aegislogistics/AL9,transportlogistics,AL9,aegislogistics
https://www.moneycontrol.com/india/stockpricequote/miscellaneous/arvindfashionslimited/ARVIN54248,miscellaneous,ARVIN54248,arvindfashionslimited
https://www.moneycontrol.com/india/stockpricequote/miscellaneous/adanigaslimited/ADG01,miscellaneous,ADG01,adanigaslimited
https://www.moneycontrol.com/india/stockpricequote/castingsforgings/aiaengineering/AIE01,castingsforgings,AIE01,aiaengineering
https://www.moneycontrol.com/india/stockpricequote/pharmaceuticals/ajantapharma/AP22,pharmaceuticals,AP22,ajantapharma
https://www.moneycontrol.com/india/stockpricequote/paintsvarnishes/akzonobelindia/ICI,paintsvarnishes,ICI,akzonobelindia
https://www.moneycontrol.com/india/stockpricequote/pharmaceuticals/alembicpharmaceuticals/AP35,pharmaceuticals,AP35,alembicpharmaceuticals
https://www.moneycontrol.com/india/stockpricequote/pharmaceuticals/alkemlaboratories/AL05,pharmaceuticals,AL05,alkemlaboratories
https://www.moneycontrol.com/india/stockpricequote/chemicals/alkylamineschemicals/AAC,chemicals,AAC,alkylamineschemicals
https://www.moneycontrol.com/india/stockpricequote/transportlogistics/allcargologistics/AGL02,transportlogistics,AGL02,allcargologistics
https://www.moneycontrol.com/india/stockpricequote/autoancillaries/amararajabatteries/ARB,autoancillaries,ARB,amararajabatteries
https://www.moneycontrol.com/india/stockpricequote/miscellaneous/amberenterprisesindialimited/AEI01,miscellaneous,AEI01,amberenterprisesindialimited
https://www.moneycontrol.com/india/stockpricequote/cementmajor/ambujacements/AC18,cementmajor,AC18,ambujacements
https://www.moneycontrol.com/india/stockpricequote/steeltubespipes/aplapollotubes/BT09,steeltubespipes,BT09,aplapollotubes
https://www.moneycontrol.com/india/stockpricequote/hospitalsmedicalservices/apollohospitalsenterprises/AHE,hospitalsmedicalservices,AHE,apollohospitalsenterprises
https://www.moneycontrol.com/india/stockpricequote/tyres/apollotyres/AT14,tyres,AT14,apollotyres
https://www.moneycontrol.com/india/stockpricequote/autolcvshcvs/ashokleyland/AL,autolcvshcvs,AL,ashokleyland
https://www.moneycontrol.com/india/stockpricequote/constructioncontractingcivil/ashokabuildcon/AB,constructioncontractingcivil,AB,ashokabuildcon
https://www.moneycontrol.com/india/stockpricequote/paintsvarnishes/asianpaints/AP31,paintsvarnishes,AP31,asianpaints
https://www.moneycontrol.com/india/stockpricequote/diversified/asterdmhealthcareltd/ADH,diversified,ADH,asterdmhealthcareltd
https://www.moneycontrol.com/india/stockpricequote/plastics/astralpolytechnik/APT02,plastics,APT02,astralpolytechnik
https://www.moneycontrol.com/india/stockpricequote/pharmaceuticals/astrazenecapharma/AZP,pharmaceuticals,AZP,astrazenecapharma
https://www.moneycontrol.com/india/stockpricequote/chemicals/atul/A06,chemicals,A06,atul
https://www.moneycontrol.com/india/stockpricequote/banksprivatesector/ausmallfinancebank/ASF02,banksprivatesector,ASF02,ausmallfinancebank
https://www.moneycontrol.com/india/stockpricequote/pharmaceuticals/aurobindopharma/AP,pharmaceuticals,AP,aurobindopharma
https://www.moneycontrol.com/india/stockpricequote/aquaculture/avantifeeds/AF21,aquaculture,AF21,avantifeeds
https://www.moneycontrol.com/india/stockpricequote/retail/avenuesupermarts/AS19,retail,AS19,avenuesupermarts
https://www.moneycontrol.com/india/stockpricequote/banksprivatesector/axisbank/AB16,banksprivatesector,AB16,axisbank
https://www.moneycontrol.com/india/stockpricequote/auto23wheelers/bajajauto/BA10,auto23wheelers,BA10,bajajauto
https://www.moneycontrol.com/india/stockpricequote/personalcare/bajajconsumercare/BC02,personalcare,BC02,bajajconsumercare
https://www.moneycontrol.com/india/stockpricequote/domesticappliances/bajajelectricals/BE,domesticappliances,BE,bajajelectricals
https://www.moneycontrol.com/india/stockpricequote/financeleasinghirepurchase/bajajfinance/BAF,financeleasinghirepurchase,BAF,bajajfinance
https://www.moneycontrol.com/india/stockpricequote/financeinvestments/bajajfinserv/BF04,financeinvestments,BF04,bajajfinserv
https://www.moneycontrol.com/india/stockpricequote/financeinvestments/bajajholdingsinvestment/BHI,financeinvestments,BHI,bajajholdingsinvestment
https://www.moneycontrol.com/india/stockpricequote/tyres/balkrishnaindustries/BI03,tyres,BI03,balkrishnaindustries
https://www.moneycontrol.com/india/stockpricequote/diversified/balmerlawriecompany/BLC,diversified,BLC,balmerlawriecompany
https://www.moneycontrol.com/india/stockpricequote/sugar/balrampurchinimills/BCM,sugar,BCM,balrampurchinimills
https://www.moneycontrol.com/india/stockpricequote/banksprivatesector/bandhanbank/BB09,banksprivatesector,BB09,bandhanbank
https://www.moneycontrol.com/india/stockpricequote/bankspublicsector/bankofbaroda/BOB,bankspublicsector,BOB,bankofbaroda
https://www.moneycontrol.com/india/stockpricequote/bankspublicsector/bankofindia/BOI,bankspublicsector,BOI,bankofindia
https://www.moneycontrol.com/india/stockpricequote/bankspublicsector/bankmaharashtra/BM05,bankspublicsector,BM05,bankmaharashtra
https://www.moneycontrol.com/india/stockpricequote/chemicals/basfindia/BAS,chemicals,BAS,basfindia
https://www.moneycontrol.com/india/stockpricequote/leatherproducts/bataindia/BI01,leatherproducts,BI01,bataindia
https://www.moneycontrol.com/india/stockpricequote/pesticidesagrochemicals/bayercropscience/BC12,pesticidesagrochemicals,BC12,bayercropscience
https://www.moneycontrol.com/india/stockpricequote/infrastructuregeneral/beml/BEM03,infrastructuregeneral,BEM03,beml
https://www.moneycontrol.com/india/stockpricequote/paintsvarnishes/bergerpaintsindia/BPI02,paintsvarnishes,BPI02,bergerpaintsindia
https://www.moneycontrol.com/india/stockpricequote/miscellaneous/bharatdynamicsltd/BDL01,miscellaneous,BDL01,bharatdynamicsltd
https://www.moneycontrol.com/india/stockpricequote/electricals/bharatelectronics/BE03,electricals,BE03,bharatelectronics
https://www.moneycontrol.com/india/stockpricequote/castingsforgings/bharatforge/BF03,castingsforgings,BF03,bharatforge
https://www.moneycontrol.com/india/stockpricequote/telecommunicationsservice/bhartiairtel/BA08,telecommunicationsservice,BA08,bhartiairtel
https://www.moneycontrol.com/india/stockpricequote/telecommunicationsequipment/bhartiinfratel/BI14,telecommunicationsequipment,BI14,bhartiinfratel
https://www.moneycontrol.com/india/stockpricequote/infrastructuregeneral/bharatheavyelectricals/BHE,infrastructuregeneral,BHE,bharatheavyelectricals
https://www.moneycontrol.com/india/stockpricequote/pharmaceuticals/biocon/BL03,pharmaceuticals,BL03,biocon
https://www.moneycontrol.com/india/stockpricequote/cementmajor/birlacorporation/BC07,cementmajor,BC07,birlacorporation
https://www.moneycontrol.com/india/stockpricequote/pharmaceuticals/blissgvspharma/BGV,pharmaceuticals,BGV,blissgvspharma
https://www.moneycontrol.com/india/stockpricequote/couriers/bluedartexpress/BDE,couriers,BDE,bluedartexpress
https://www.moneycontrol.com/india/stockpricequote/consumergoodswhitegoods/bluestar/BS,consumergoodswhitegoods,BS,bluestar
https://www.moneycontrol.com/india/stockpricequote/plantationsteacoffee/bombayburmahtradingcorporation/BBT,plantationsteacoffee,BBT,bombayburmahtradingcorporation
https://www.moneycontrol.com/india/stockpricequote/textilesprocessing/bombaydyeingmanufacturingcompany/BDM,textilesprocessing,BDM,bombaydyeingmanufacturingcompany
https://www.moneycontrol.com/india/stockpricequote/autoancillaries/bosch/B05,autoancillaries,B05,bosch
https://www.moneycontrol.com/india/stockpricequote/refineries/bharatpetroleumcorporation/BPC,refineries,BPC,bharatpetroleumcorporation
https://www.moneycontrol.com/india/stockpricequote/constructioncontractingrealestate/brigadeenterprises/BE08,constructioncontractingrealestate,BE08,brigadeenterprises
https://www.moneycontrol.com/india/stockpricequote/foodprocessing/britanniaindustries/BI,foodprocessing,BI,britanniaindustries
https://www.moneycontrol.com/india/stockpricequote/pharmaceuticals/cadilahealthcare/CHC,pharmaceuticals,CHC,cadilahealthcare
https://www.moneycontrol.com/india/stockpricequote/financehousing/canfinhomes/CFH,financehousing,CFH,canfinhomes
https://www.moneycontrol.com/india/stockpricequote/bankspublicsector/canarabank/CB06,bankspublicsector,CB06,canarabank
https://www.moneycontrol.com/india/stockpricequote/pharmaceuticals/caplinpointlaboratories/CPL,pharmaceuticals,CPL,caplinpointlaboratories
https://www.moneycontrol.com/india/stockpricequote/financegeneral/capriglobalcapital/MMF05,financegeneral,MMF05,capriglobalcapital
https://www.moneycontrol.com/india/stockpricequote/abrasives/carborundumuniversal/CU,abrasives,CU,carborundumuniversal
https://www.moneycontrol.com/india/stockpricequote/miscellaneous/careratings/CAR,miscellaneous,CAR,careratings
https://www.moneycontrol.com/india/stockpricequote/lubricants/castrolindia/CI01,lubricants,CI01,castrolindia
https://www.moneycontrol.com/india/stockpricequote/plantationsteacoffee/cclproductsindia/CC10,plantationsteacoffee,CC10,cclproductsindia
https://www.moneycontrol.com/india/stockpricequote/tyres/ceat/C07,tyres,C07,ceat
https://www.moneycontrol.com/india/stockpricequote/bankspublicsector/centralbankindia/CBO01,bankspublicsector,CBO01,centralbankindia
https://www.moneycontrol.com/india/stockpricequote/financegeneral/centrumcapital/CF09,financegeneral,CF09,centrumcapital
https://www.moneycontrol.com/india/stockpricequote/miscellaneous/centuryplyboards/CP9,miscellaneous,CP9,centuryplyboards
https://www.moneycontrol.com/india/stockpricequote/ceramicsgranite/cerasanitaryware/CS18,ceramicsgranite,CS18,cerasanitaryware
https://www.moneycontrol.com/india/stockpricequote/powergenerationdistribution/cesc/CES,powergenerationdistribution,CES,cesc
https://www.moneycontrol.com/india/stockpricequote/electricals/cromptongreavesconsumerelectrical/CGC01,electricals,CGC01,cromptongreavesconsumerelectrical
https://www.moneycontrol.com/india/stockpricequote/hotels/chalethotels/CH03,hotels,CH03,chalethotels
https://www.moneycontrol.com/india/stockpricequote/fertilisers/chambalfertiliserschemicals/CFC,fertilisers,CFC,chambalfertiliserschemicals
https://www.moneycontrol.com/india/stockpricequote/refineries/chennaipetroleumcorporation/CPC02,refineries,CPC02,chennaipetroleumcorporation
https://www.moneycontrol.com/india/stockpricequote/miscellaneous/cholamandalamfinancialholdings/TII,miscellaneous,TII,cholamandalamfinancialholdings
https://www.moneycontrol.com/india/stockpricequote/financeleasinghirepurchase/cholamandalaminvestmentfinancecompany/CDB,financeleasinghirepurchase,CDB,cholamandalaminvestmentfinancecompany
https://www.moneycontrol.com/india/stockpricequote/pharmaceuticals/cipla/C,pharmaceuticals,C,cipla
https://www.moneycontrol.com/india/stockpricequote/banksprivatesector/cityunionbank/CUB,banksprivatesector,CUB,cityunionbank
https://www.moneycontrol.com/india/stockpricequote/miningminerals/coalindia/CI11,miningminerals,CI11,coalindia
https://www.moneycontrol.com/india/stockpricequote/miscellaneous/cochinshipyard/CS,miscellaneous,CS,cochinshipyard
https://www.moneycontrol.com/india/stockpricequote/personalcare/colgatepalmoliveindia/CPI,personalcare,CPI,colgatepalmoliveindia
https://www.moneycontrol.com/india/stockpricequote/transportlogistics/containercorporationindia/CCI,transportlogistics,CCI,containercorporationindia
https://www.moneycontrol.com/india/stockpricequote/fertilisers/coromandelinternational/CI45,fertilisers,CI45,coromandelinternational
https://www.moneycontrol.com/india/stockpricequote/financetermlendinginstitutions/creditaccessgrameen/CG03,financetermlendinginstitutions,CG03,creditaccessgrameen
https://www.moneycontrol.com/india/stockpricequote/miscellaneous/crisil/CRI,miscellaneous,CRI,crisil
https://www.moneycontrol.com/india/stockpricequote/engines/cumminsindia/CI02,engines,CI02,cumminsindia
https://www.moneycontrol.com/india/stockpricequote/computerssoftware/cyient/IE07,computerssoftware,IE07,cyient
https://www.moneycontrol.com/india/stockpricequote/personalcare/daburindia/DI,personalcare,DI,daburindia
https://www.moneycontrol.com/india/stockpricequote/cementmajor/dalmiabharat/OCL,cementmajor,OCL,dalmiabharat
https://www.moneycontrol.com/india/stockpricequote/mediaentertainment/dbcorp/C13,mediaentertainment,C13,dbcorp
https://www.moneycontrol.com/india/stockpricequote/banksprivatesector/dcbbank/DCB01,banksprivatesector,DCB01,dcbbank
https://www.moneycontrol.com/india/stockpricequote/diversified/dcmshriram/DCM02,diversified,DCM02,dcmshriram
https://www.moneycontrol.com/india/stockpricequote/fertilisers/deepakfertilizerspetrochemicalscoprn/DFP,fertilisers,DFP,deepakfertilizerspetrochemicalscoprn
https://www.moneycontrol.com/india/stockpricequote/chemicals/deepaknitrite/DN,chemicals,DN,deepaknitrite
https://www.moneycontrol.com/india/stockpricequote/constructioncontractingrealestate/deltacorp/DC11,constructioncontractingrealestate,DC11,deltacorp
https://www.moneycontrol.com/india/stockpricequote/financehousing/dewanhousingfinancecorporation/DHF,financehousing,DHF,dewanhousingfinancecorporation
https://www.moneycontrol.com/india/stockpricequote/pesticidesagrochemicals/dhanukaagritech/DA01,pesticidesagrochemicals,DA01,dhanukaagritech
https://www.moneycontrol.com/india/stockpricequote/constructioncontractingcivil/dilipbuildcon/DB04,constructioncontractingcivil,DB04,dilipbuildcon
https://www.moneycontrol.com/india/stockpricequote/mediaentertainment/dishtvindia/DTV,mediaentertainment,DTV,dishtvindia
https://www.moneycontrol.com/india/stockpricequote/miscellaneous/dishmancarbogenamcis/DCA,miscellaneous,DCA,dishmancarbogenamcis
https://www.moneycontrol.com/india/stockpricequote/pharmaceuticals/divislaboratories/DL03,pharmaceuticals,DL03,divislaboratories
https://www.moneycontrol.com/india/stockpricequote/electricals/dixontechnologies/DT07,electricals,DT07,dixontechnologies
https://www.moneycontrol.com/india/stockpricequote/constructioncontractingrealestate/dlf/D04,constructioncontractingrealestate,D04,dlf
https://www.moneycontrol.com/india/stockpricequote/pharmaceuticals/drlalpathlabs/DLP01,pharmaceuticals,DLP01,drlalpathlabs
https://www.moneycontrol.com/india/stockpricequote/pharmaceuticals/drreddyslaboratories/DRL,pharmaceuticals,DRL,drreddyslaboratories
https://www.moneycontrol.com/india/stockpricequote/computerssoftwaremediumsmall/eclerxservices/eS06,computerssoftwaremediumsmall,eS06,eclerxservices
https://www.moneycontrol.com/india/stockpricequote/financegeneral/edelweissfinancialservices/EC01,financegeneral,EC01,edelweissfinancialservices
https://www.moneycontrol.com/india/stockpricequote/autolcvshcvs/eichermotors/EM,autolcvshcvs,EM,eichermotors
https://www.moneycontrol.com/india/stockpricequote/sugar/eidparryindia/EID,sugar,EID,eidparryindia
https://www.moneycontrol.com/india/stockpricequote/hotels/eih/EIH,hotels,EIH,eih
https://www.moneycontrol.com/india/stockpricequote/personalcare/emami/E06,personalcare,E06,emami
https://www.moneycontrol.com/india/stockpricequote/auto23wheelers/endurancetechnologies/ET01,auto23wheelers,ET01,endurancetechnologies
https://www.moneycontrol.com/india/stockpricequote/infrastructuregeneral/engineersindia/EI14,infrastructuregeneral,EI14,engineersindia
https://www.moneycontrol.com/india/stockpricequote/financegeneral/equitasholdings/EH03,financegeneral,EH03,equitasholdings
https://www.moneycontrol.com/india/stockpricequote/pharmaceuticals/erislifesciences/EL01,pharmaceuticals,EL01,erislifesciences
https://www.moneycontrol.com/india/stockpricequote/electrodesgraphite/esabindia/EI06,electrodesgraphite,EI06,esabindia
https://www.moneycontrol.com/india/stockpricequote/autotractors/escorts/E,autotractors,E,escorts
https://www.moneycontrol.com/india/stockpricequote/packaging/esselpropack/EP11,packaging,EP11,esselpropack
https://www.moneycontrol.com/india/stockpricequote/autoancillaries/exideindustries/EI,autoancillaries,EI,exideindustries
https://www.moneycontrol.com/india/stockpricequote/pharmaceuticals/fdc/FDC,pharmaceuticals,FDC,fdc
https://www.moneycontrol.com/india/stockpricequote/banksprivatesector/federalbank/FB,banksprivatesector,FB,federalbank
https://www.moneycontrol.com/india/stockpricequote/miscellaneous/fineorganicsindustries/FOI,miscellaneous,FOI,fineorganicsindustries
https://www.moneycontrol.com/india/stockpricequote/cablestelephone/finolexcables/FC01,cablestelephone,FC01,finolexcables
https://www.moneycontrol.com/india/stockpricequote/petrochemicals/finolexindustries/FI,petrochemicals,FI,finolexindustries
https://www.moneycontrol.com/india/stockpricequote/computerssoftwaremediumsmall/firstsourcesolutions/FS07,computerssoftwaremediumsmall,FS07,firstsourcesolutions
https://www.moneycontrol.com/india/stockpricequote/autolcvshcvs/forcemotors/FM01,autolcvshcvs,FM01,forcemotors
https://www.moneycontrol.com/india/stockpricequote/hospitalsmedicalservices/fortishealthcare/FH,hospitalsmedicalservices,FH,fortishealthcare
https://www.moneycontrol.com/india/stockpricequote/foodprocessing/futureconsumer/FVI,foodprocessing,FVI,futureconsumer
https://www.moneycontrol.com/india/stockpricequote/retail/futurelifestylefashions/FLF01,retail,FLF01,futurelifestylefashions
https://www.moneycontrol.com/india/stockpricequote/retail/futureretail/FR,retail,FR,futureretail
https://www.moneycontrol.com/india/stockpricequote/oildrillingandexploration/gailindia/GAI,oildrillingandexploration,GAI,gailindia
https://www.moneycontrol.com/india/stockpricequote/miscellaneous/galaxysurfactantsltd/GSL06,miscellaneous,GSL06,galaxysurfactantsltd
https://www.moneycontrol.com/india/stockpricequote/engineeringheavy/gardenreachshipbuildersengineers/GRS01,engineeringheavy,GRS01,gardenreachshipbuildersengineers
https://www.moneycontrol.com/india/stockpricequote/textilesgeneral/garwaretechnicalfibres/GWR,textilesgeneral,GWR,garwaretechnicalfibres
https://www.moneycontrol.com/india/stockpricequote/miscellaneous/gatewaydistriparks/GD01,miscellaneous,GD01,gatewaydistriparks
https://www.moneycontrol.com/india/stockpricequote/constructioncontractingcivil/gayatriprojects/GP10,constructioncontractingcivil,GP10,gayatriprojects
https://www.moneycontrol.com/india/stockpricequote/powertransmissionequipment/gepowerindia/AP29,powertransmissionequipment,AP29,gepowerindia
https://www.moneycontrol.com/india/stockpricequote/shipping/greateasternshippingcompany/GES,shipping,GES,greateasternshippingcompany
https://www.moneycontrol.com/india/stockpricequote/powertransmissionequipment/getdindia/ATD,powertransmissionequipment,ATD,getdindia
https://www.moneycontrol.com/india/stockpricequote/diversified/generalinsurancecorporationindia/GIC12,diversified,GIC12,generalinsurancecorporationindia
https://www.moneycontrol.com/india/stockpricequote/financehousing/gichousingfinance/GIC,financehousing,GIC,gichousingfinance
https://www.moneycontrol.com/india/stockpricequote/personalcare/gilletteindia/GI22,personalcare,GI22,gilletteindia
https://www.moneycontrol.com/india/stockpricequote/foodprocessing/glaxosmithklineconsumerhealthcare/GSC04,foodprocessing,GSC04,glaxosmithklineconsumerhealthcare
https://www.moneycontrol.com/india/stockpricequote/pharmaceuticals/glaxosmithklinepharmaceuticals/GSK,pharmaceuticals,GSK,glaxosmithklinepharmaceuticals
https://www.moneycontrol.com/india/stockpricequote/pharmaceuticals/glenmarkpharma/GP08,pharmaceuticals,GP08,glenmarkpharma
https://www.moneycontrol.com/india/stockpricequote/engineeringheavy/gmmpfaudler/GMM01,engineeringheavy,GMM01,gmmpfaudler
https://www.moneycontrol.com/india/stockpricequote/infrastructuregeneral/gmrinfrastructure/GI27,infrastructuregeneral,GI27,gmrinfrastructure
https://www.moneycontrol.com/india/stockpricequote/fertilisers/gujaratnarmadavalleyfertilizerschemicals/GNV,fertilisers,GNV,gujaratnarmadavalleyfertilizerschemicals
https://www.moneycontrol.com/india/stockpricequote/cigarettes/godfreyphillipsindia/GPI,cigarettes,GPI,godfreyphillipsindia
https://www.moneycontrol.com/india/stockpricequote/miscellaneous/godrejagrovet/GA03,miscellaneous,GA03,godrejagrovet
https://www.moneycontrol.com/india/stockpricequote/personalcare/godrejconsumerproducts/GCP,personalcare,GCP,godrejconsumerproducts
https://www.moneycontrol.com/india/stockpricequote/personalcare/godrejindustries/GI23,personalcare,GI23,godrejindustries
https://www.moneycontrol.com/india/stockpricequote/constructioncontractingrealestate/godrejproperties/GP11,constructioncontractingrealestate,GP11,godrejproperties
https://www.moneycontrol.com/india/stockpricequote/pharmaceuticals/granulesindia/GI25,pharmaceuticals,GI25,granulesindia
https://www.moneycontrol.com/india/stockpricequote/electrodesgraphite/graphiteindia/GI13,electrodesgraphite,GI13,graphiteindia
https://www.moneycontrol.com/india/stockpricequote/diversified/grasimindustries/GI01,diversified,GI01,grasimindustries
https://www.moneycontrol.com/india/stockpricequote/engines/greavescotton/GC20,engines,GC20,greavescotton
https://www.moneycontrol.com/india/stockpricequote/abrasives/grindwellnorton/GN,abrasives,GN,grindwellnorton
https://www.moneycontrol.com/india/stockpricequote/fertilisers/gujaratstatefertilizerschemicals/GSF,fertilisers,GSF,gujaratstatefertilizerschemicals
https://www.moneycontrol.com/india/stockpricequote/chemicals/gujaratalkalieschemicals/GAC01,chemicals,GAC01,gujaratalkalieschemicals
https://www.moneycontrol.com/india/stockpricequote/chemicals/gujaratheavychemicals/GHC,chemicals,GHC,gujaratheavychemicals
https://www.moneycontrol.com/india/stockpricequote/miningminerals/gujaratmineraldevelopmentcorporation/GMD,miningminerals,GMD,gujaratmineraldevelopmentcorporation
https://www.moneycontrol.com/india/stockpricequote/oildrillingandexploration/gujaratstatepetronet/GSP02,oildrillingandexploration,GSP02,gujaratstatepetronet
https://www.moneycontrol.com/india/stockpricequote/oildrillingandexploration/gujaratgas/GGC,oildrillingandexploration,GGC,gujaratgas
https://www.moneycontrol.com/india/stockpricequote/shipping/gujaratpipavavport/GPP03,shipping,GPP03,gujaratpipavavport
https://www.moneycontrol.com/india/stockpricequote/lubricants/gulfoillubricantsindia/GOL01,lubricants,GOL01,gulfoillubricantsindia
https://www.moneycontrol.com/india/stockpricequote/mediaentertainment/hathwaycabledatacom/HCD,mediaentertainment,HCD,hathwaycabledatacom
https://www.moneycontrol.com/india/stockpricequote/electricequipment/havellsindia/HI01,electricequipment,HI01,havellsindia
https://www.moneycontrol.com/india/stockpricequote/domesticappliances/hawkinscooker/HC02,domesticappliances,HC02,hawkinscooker
https://www.moneycontrol.com/india/stockpricequote/computerssoftware/hcltechnologies/HCL02,computerssoftware,HCL02,hcltechnologies
https://www.moneycontrol.com/india/stockpricequote/financehousing/housingdevelopmentfinancecorporation/HDF,financehousing,HDF,housingdevelopmentfinancecorporation
https://www.moneycontrol.com/india/stockpricequote/financeinvestments/hdfcassetmanagementcompany/HAM02,financeinvestments,HAM02,hdfcassetmanagementcompany
https://www.moneycontrol.com/india/stockpricequote/banksprivatesector/hdfcbank/HDF01,banksprivatesector,HDF01,hdfcbank
https://www.moneycontrol.com/india/stockpricequote/miscellaneous/hdfclifeinsurancecompanylimited/HSL01,miscellaneous,HSL01,hdfclifeinsurancecompanylimited
https://www.moneycontrol.com/india/stockpricequote/electrodesgraphite/heg/HEG,electrodesgraphite,HEG,heg
https://www.moneycontrol.com/india/stockpricequote/cementmajor/heidelbergcementindia/HCI02,cementmajor,HCI02,heidelbergcementindia
https://www.moneycontrol.com/india/stockpricequote/foodprocessing/heritagefoods/HFI,foodprocessing,HFI,heritagefoods
https://www.moneycontrol.com/india/stockpricequote/auto23wheelers/heromotocorp/HHM,auto23wheelers,HHM,heromotocorp
https://www.moneycontrol.com/india/stockpricequote/computerssoftware/hexawaretechnologies/HT02,computerssoftware,HT02,hexawaretechnologies
https://www.moneycontrol.com/india/stockpricequote/telecommunicationsequipment/hfcl/HFC,telecommunicationsequipment,HFC,hfcl
https://www.moneycontrol.com/india/stockpricequote/chemicals/himadrispecialitychemical/HCI01,chemicals,HCI01,himadrispecialitychemical
https://www.moneycontrol.com/india/stockpricequote/textilessyntheticsilk/himatsingkaseide/HS,textilessyntheticsilk,HS,himatsingkaseide
https://www.moneycontrol.com/india/stockpricequote/metalsnonferrous/hindustancopper/HC07,metalsnonferrous,HC07,hindustancopper
https://www.moneycontrol.com/india/stockpricequote/metalsnonferrous/hindustanzinc/HZ,metalsnonferrous,HZ,hindustanzinc
https://www.moneycontrol.com/india/stockpricequote/aluminium/hindalcoindustries/HI,aluminium,HI,hindalcoindustries
https://www.moneycontrol.com/india/stockpricequote/diversified/hindustanaeronauticsltd/HAL,diversified,HAL,hindustanaeronauticsltd
https://www.moneycontrol.com/india/stockpricequote/telecommunicationsequipment/honeywellautomation/HA04,telecommunicationsequipment,HA04,honeywellautomation
https://www.moneycontrol.com/india/stockpricequote/refineries/hindustanpetroleumcorporation/HPC,refineries,HPC,hindustanpetroleumcorporation
https://www.moneycontrol.com/india/stockpricequote/constructioncontractingrealestate/housingurbandevelopmentcorporation/HUD,constructioncontractingrealestate,HUD,housingurbandevelopmentcorporation
https://www.moneycontrol.com/india/stockpricequote/personalcare/hindustanunilever/HU,personalcare,HU,hindustanunilever
https://www.moneycontrol.com/india/stockpricequote/banksprivatesector/icicibank/ICI02,banksprivatesector,ICI02,icicibank
https://www.moneycontrol.com/india/stockpricequote/diversified/icicilombardgeneralinsurancecompany/ILG,diversified,ILG,icicilombardgeneralinsurancecompany
https://www.moneycontrol.com/india/stockpricequote/financegeneral/iciciprudentiallifeinsurancecompany/IPL01,financegeneral,IPL01,iciciprudentiallifeinsurancecompany
https://www.moneycontrol.com/india/stockpricequote/miscellaneous/icicisecuritiesltd/ISL04,miscellaneous,ISL04,icicisecuritiesltd
https://www.moneycontrol.com/india/stockpricequote/bankspublicsector/idbibank/IDB05,bankspublicsector,IDB05,idbibank
https://www.moneycontrol.com/india/stockpricequote/financetermlendinginstitutions/idfc/IDF,financetermlendinginstitutions,IDF,idfc
https://www.moneycontrol.com/india/stockpricequote/banksprivatesector/idfcfirstbank/IDF01,banksprivatesector,IDF01,idfcfirstbank
https://www.moneycontrol.com/india/stockpricequote/diversified/indianenergyexchange/IEE,diversified,IEE,indianenergyexchange
https://www.moneycontrol.com/india/stockpricequote/consumergoodswhitegoods/ifbindustries/IFB02,consumergoodswhitegoods,IFB02,ifbindustries
https://www.moneycontrol.com/india/stockpricequote/financetermlendinginstitutions/ifci/IFC02,financetermlendinginstitutions,IFC02,ifci
https://www.moneycontrol.com/india/stockpricequote/oildrillingandexploration/indraprasthagas/IG04,oildrillingandexploration,IG04,indraprasthagas
https://www.moneycontrol.com/india/stockpricequote/financegeneral/iiflfinance/II15,financegeneral,II15,iiflfinance
https://www.moneycontrol.com/india/stockpricequote/cementmajor/indiacements/IC,cementmajor,IC,indiacements
https://www.moneycontrol.com/india/stockpricequote/hotels/indiatourismdevelopmentcorporation/ITD02,hotels,ITD02,indiatourismdevelopmentcorporation
https://www.moneycontrol.com/india/stockpricequote/financehousing/indiabullshousingfinance/IHF01,financehousing,IHF01,indiabullshousingfinance
https://www.moneycontrol.com/india/stockpricequote/miscellaneous/indiabullsintegratedservices/IWS,miscellaneous,IWS,indiabullsintegratedservices
https://www.moneycontrol.com/india/stockpricequote/constructioncontractingrealestate/indiabullsrealestate/IRE01,constructioncontractingrealestate,IRE01,indiabullsrealestate
https://www.moneycontrol.com/india/stockpricequote/bankspublicsector/indianbank/IB04,bankspublicsector,IB04,indianbank
https://www.moneycontrol.com/india/stockpricequote/hotels/indianhotelscompany/IHC,hotels,IHC,indianhotelscompany
https://www.moneycontrol.com/india/stockpricequote/financegeneral/indostarcapitalfinance/ICF,financegeneral,ICF,indostarcapitalfinance
https://www.moneycontrol.com/india/stockpricequote/banksprivatesector/indusindbank/IIB,banksprivatesector,IIB,indusindbank
https://www.moneycontrol.com/india/stockpricequote/miscellaneous/infibeamavenues/IIL03,miscellaneous,IIL03,infibeamavenues
https://www.moneycontrol.com/india/stockpricequote/miscellaneous/infoedgeindia/IEI01,miscellaneous,IEI01,infoedgeindia
https://www.moneycontrol.com/india/stockpricequote/computerssoftware/infosys/IT,computerssoftware,IT,infosys
https://www.moneycontrol.com/india/stockpricequote/mediaentertainment/inoxleisure/INO01,mediaentertainment,INO01,inoxleisure
https://www.moneycontrol.com/india/stockpricequote/powergenerationdistribution/inoxwind/IW,powergenerationdistribution,IW,inoxwind
https://www.moneycontrol.com/india/stockpricequote/computerssoftware/intellectdesignarena/IDA,computerssoftware,IDA,intellectdesignarena
https://www.moneycontrol.com/india/stockpricequote/transportlogistics/interglobeaviation/IA04,transportlogistics,IA04,interglobeaviation
https://www.moneycontrol.com/india/stockpricequote/bankspublicsector/indianoverseasbank/IOB,bankspublicsector,IOB,indianoverseasbank
https://www.moneycontrol.com/india/stockpricequote/refineries/indianoilcorporation/IOC,refineries,IOC,indianoilcorporation
https://www.moneycontrol.com/india/stockpricequote/pharmaceuticals/ipcalaboratories/IL,pharmaceuticals,IL,ipcalaboratories
https://www.moneycontrol.com/india/stockpricequote/infrastructuregeneral/irbinfrastructuredevelopers/IID01,infrastructuregeneral,IID01,irbinfrastructuredevelopers
https://www.moneycontrol.com/india/stockpricequote/engineeringheavy/irconinternational/II07,engineeringheavy,II07,irconinternational
https://www.moneycontrol.com/india/stockpricequote/cigarettes/itc/ITC,cigarettes,ITC,itc
https://www.moneycontrol.com/india/stockpricequote/constructioncontractingcivil/itdcementationindia/ITD03,constructioncontractingcivil,ITD03,itdcementationindia
https://www.moneycontrol.com/india/stockpricequote/telecommunicationsequipment/iti/ITI,telecommunicationsequipment,ITI,iti
https://www.moneycontrol.com/india/stockpricequote/cementmajor/jkcement/JKC03,cementmajor,JKC03,jkcement
https://www.moneycontrol.com/india/stockpricequote/mediaentertainment/jagranprakashan/JP12,mediaentertainment,JP12,jagranprakashan
https://www.moneycontrol.com/india/stockpricequote/steelgpgcsheets/jaicorp/JC08,steelgpgcsheets,JC08,jaicorp
https://www.moneycontrol.com/india/stockpricequote/plastics/jainirrigationsystems/JIS02,plastics,JIS02,jainirrigationsystems
https://www.moneycontrol.com/india/stockpricequote/autoancillaries/jamnaautoindustries/JAI,autoancillaries,JAI,jamnaautoindustries
https://www.moneycontrol.com/india/stockpricequote/pharmaceuticals/jbchemicalspharmaceuticals/JBC01,pharmaceuticals,JBC01,jbchemicalspharmaceuticals
https://www.moneycontrol.com/india/stockpricequote/steellarge/jindalstainlesshisar/JSH,steellarge,JSH,jindalstainlesshisar
https://www.moneycontrol.com/india/stockpricequote/steeltubespipes/jindalsaw/JS08,steeltubespipes,JS08,jindalsaw
https://www.moneycontrol.com/india/stockpricequote/steelmediumsmall/jindalstainless/JSL01,steelmediumsmall,JSL01,jindalstainless
https://www.moneycontrol.com/india/stockpricequote/steelspongeiron/jindalsteelpower/JSP,steelspongeiron,JSP,jindalsteelpower
https://www.moneycontrol.com/india/stockpricequote/banksprivatesector/jammukashmirbank/JKB,banksprivatesector,JKB,jammukashmirbank
https://www.moneycontrol.com/india/stockpricequote/cementmajor/jklakshmicement/JKL01,cementmajor,JKL01,jklakshmicement
https://www.moneycontrol.com/india/stockpricequote/paper/jkpaper/JKP01,paper,JKP01,jkpaper
https://www.moneycontrol.com/india/stockpricequote/tyres/jktyreindustries/JKT01,tyres,JKT01,jktyreindustries
https://www.moneycontrol.com/india/stockpricequote/financeinvestments/jmfinancial/JMF,financeinvestments,JMF,jmfinancial
https://www.moneycontrol.com/india/stockpricequote/consumergoodswhitegoods/johnsoncontrolshitachiairconditioningindia/HHL,consumergoodswhitegoods,HHL,johnsoncontrolshitachiairconditioningindia
https://www.moneycontrol.com/india/stockpricequote/powergenerationdistribution/jswenergy/JE01,powergenerationdistribution,JE01,jswenergy
https://www.moneycontrol.com/india/stockpricequote/steellarge/jswsteel/JSW01,steellarge,JSW01,jswsteel
https://www.moneycontrol.com/india/stockpricequote/autoancillaries/jtektindia/SKS04,autoancillaries,SKS04,jtektindia
https://www.moneycontrol.com/india/stockpricequote/miscellaneous/jubilantfoodworks/JF04,miscellaneous,JF04,jubilantfoodworks
https://www.moneycontrol.com/india/stockpricequote/pharmaceuticals/jubilantlifesciences/JO03,pharmaceuticals,JO03,jubilantlifesciences
https://www.moneycontrol.com/india/stockpricequote/miscellaneous/justdial/JD,miscellaneous,JD,justdial
https://www.moneycontrol.com/india/stockpricequote/personalcare/jyothylabs/JL,personalcare,JL,jyothylabs
https://www.moneycontrol.com/india/stockpricequote/ceramicsgranite/kajariaceramics/KC06,ceramicsgranite,KC06,kajariaceramics
https://www.moneycontrol.com/india/stockpricequote/powertransmissionequipment/kalpatarupowertransmission/KPT,powertransmissionequipment,KPT,kalpatarupowertransmission
https://www.moneycontrol.com/india/stockpricequote/paintsvarnishes/kansainerolacpaints/KNP,paintsvarnishes,KNP,kansainerolacpaints
https://www.moneycontrol.com/india/stockpricequote/banksprivatesector/karnatakabank/KB04,banksprivatesector,KB04,karnatakabank
https://www.moneycontrol.com/india/stockpricequote/powertransmissionequipment/kecinternational/KEC04,powertransmissionequipment,KEC04,kecinternational
https://www.moneycontrol.com/india/stockpricequote/cablespowerothers/keiindustries/KEI,cablespowerothers,KEI,keiindustries
https://www.moneycontrol.com/india/stockpricequote/constructioncontractingcivil/knrconstructions/KC13,constructioncontractingcivil,KC13,knrconstructions
https://www.moneycontrol.com/india/stockpricequote/banksprivatesector/kotakmahindrabank/KMB,banksprivatesector,KMB,kotakmahindrabank
https://www.moneycontrol.com/india/stockpricequote/textilesreadymadeapparels/kprmill/M15,textilesreadymadeapparels,M15,kprmill
https://www.moneycontrol.com/india/stockpricequote/foodprocessing/krbl/KRB01,foodprocessing,KRB01,krbl
https://www.moneycontrol.com/india/stockpricequote/miscellaneous/kpittechnologies/KPITT54265,miscellaneous,KPITT54265,kpittechnologies
https://www.moneycontrol.com/india/stockpricequote/financeinvestments/ltfinanceholdings/LFH,financeinvestments,LFH,ltfinanceholdings
https://www.moneycontrol.com/india/stockpricequote/computerssoftware/larsentoubroinfotech/LI12,computerssoftware,LI12,larsentoubroinfotech
https://www.moneycontrol.com/india/stockpricequote/computerssoftware/lttechnologyservices/LTS,computerssoftware,LTS,lttechnologyservices
https://www.moneycontrol.com/india/stockpricequote/glassglassproducts/laopalarg/LOR,glassglassproducts,LOR,laopalarg
https://www.moneycontrol.com/india/stockpricequote/textilesmachinery/lakshmimachineworks/LMW,textilesmachinery,LMW,lakshmimachineworks
https://www.moneycontrol.com/india/stockpricequote/banksprivatesector/lakshmivilasbank/LVB,banksprivatesector,LVB,lakshmivilasbank
https://www.moneycontrol.com/india/stockpricequote/infrastructuregeneral/larsentoubro/LT,infrastructuregeneral,LT,larsentoubro
https://www.moneycontrol.com/india/stockpricequote/pharmaceuticals/lauruslabs/LL05,pharmaceuticals,LL05,lauruslabs
https://www.moneycontrol.com/india/stockpricequote/hotels/lemontreehotelsltd/LTH,hotels,LTH,lemontreehotelsltd
https://www.moneycontrol.com/india/stockpricequote/financehousing/lichousingfinance/LIC,financehousing,LIC,lichousingfinance
https://www.moneycontrol.com/india/stockpricequote/chemicals/lindeindia/BOC,chemicals,BOC,lindeindia
https://www.moneycontrol.com/india/stockpricequote/pharmaceuticals/lupin/L,pharmaceuticals,L,lupin
https://www.moneycontrol.com/india/stockpricequote/textilesprocessing/luxindustries/LHI,textilesprocessing,LHI,luxindustries
https://www.moneycontrol.com/india/stockpricequote/autocarsjeeps/mahindramahindra/MM,autocarsjeeps,MM,mahindramahindra
https://www.moneycontrol.com/india/stockpricequote/financeleasinghirepurchase/mahindramahindrafinancialservices/MMF04,financeleasinghirepurchase,MMF04,mahindramahindrafinancialservices
https://www.moneycontrol.com/india/stockpricequote/auto23wheelers/maharashtrascooters/MS01,auto23wheelers,MS01,maharashtrascooters
https://www.moneycontrol.com/india/stockpricequote/steeltubespipes/maharashtraseamless/MS02,steeltubespipes,MS02,maharashtraseamless
https://www.moneycontrol.com/india/stockpricequote/refineries/mahanagargas/MG02,refineries,MG02,mahanagargas
https://www.moneycontrol.com/india/stockpricequote/castingsforgings/mahindracieautomotive/MF19,castingsforgings,MF19,mahindracieautomotive
https://www.moneycontrol.com/india/stockpricequote/hotels/mahindraholidaysresortsindia/MHR,hotels,MHR,mahindraholidaysresortsindia
https://www.moneycontrol.com/india/stockpricequote/constructioncontractingcivil/mahindralifespacedevelopers/MLD,constructioncontractingcivil,MLD,mahindralifespacedevelopers
https://www.moneycontrol.com/india/stockpricequote/diversified/mahindralogistics/ML04,diversified,ML04,mahindralogistics
https://www.moneycontrol.com/india/stockpricequote/financeleasinghirepurchase/manappuramfinance/MGF01,financeleasinghirepurchase,MGF01,manappuramfinance
https://www.moneycontrol.com/india/stockpricequote/personalcare/marico/M13,personalcare,M13,marico
https://www.moneycontrol.com/india/stockpricequote/autocarsjeeps/marutisuzukiindia/MS24,autocarsjeeps,MS24,marutisuzukiindia
https://www.moneycontrol.com/india/stockpricequote/financegeneral/masfinancialservices/MFS09,financegeneral,MFS09,masfinancialservices
https://www.moneycontrol.com/india/stockpricequote/financeinvestments/maxfinancialservices/MI,financeinvestments,MI,maxfinancialservices
https://www.moneycontrol.com/india/stockpricequote/miscellaneous/maxindia/MIL16,miscellaneous,MIL16,maxindia
https://www.moneycontrol.com/india/stockpricequote/miscellaneous/multicommodityexchangeindia/MCE,miscellaneous,MCE,multicommodityexchangeindia
https://www.moneycontrol.com/india/stockpricequote/pesticidesagrochemicals/meghmaniorganics/MO04,pesticidesagrochemicals,MO04,meghmaniorganics
https://www.moneycontrol.com/india/stockpricequote/hospitalsmedicalservices/metropolishealthcare/MH06,hospitalsmedicalservices,MH06,metropolishealthcare
https://www.moneycontrol.com/india/stockpricequote/autoancillaries/mindacorporation/MC23,autoancillaries,MC23,mindacorporation
https://www.moneycontrol.com/india/stockpricequote/autoancillaries/mindaindustries/MI4,autoancillaries,MI4,mindaindustries
https://www.moneycontrol.com/india/stockpricequote/computerssoftware/mindtree/MT13,computerssoftware,MT13,mindtree
https://www.moneycontrol.com/india/stockpricequote/miscellaneous/mishradhatunigamltd/MDN,miscellaneous,MDN,mishradhatunigamltd
https://www.moneycontrol.com/india/stockpricequote/trading/mmtc/MMT,trading,MMT,mmtc
https://www.moneycontrol.com/india/stockpricequote/miningminerals/moil/M18,miningminerals,M18,moil
https://www.moneycontrol.com/india/stockpricequote/autoancillaries/mothersonsumisystems/MSS01,autoancillaries,MSS01,mothersonsumisystems
https://www.moneycontrol.com/india/stockpricequote/financegeneral/motilaloswalfinancialservices/MOF01,financegeneral,MOF01,motilaloswalfinancialservices
https://www.moneycontrol.com/india/stockpricequote/computerssoftware/mphasis/MB02,computerssoftware,MB02,mphasis
https://www.moneycontrol.com/india/stockpricequote/tyres/mrf/MRF,tyres,MRF,mrf
https://www.moneycontrol.com/india/stockpricequote/refineries/mangalorerefinerypetrochemicals/MRP,refineries,MRP,mangalorerefinerypetrochemicals
https://www.moneycontrol.com/india/stockpricequote/financeinvestments/muthootfinance/MF10,financeinvestments,MF10,muthootfinance
https://www.moneycontrol.com/india/stockpricequote/aluminium/nationalaluminiumcompany/NAC,aluminium,NAC,nationalaluminiumcompany
https://www.moneycontrol.com/india/stockpricequote/hospitalsmedicalservices/narayanahrudayalaya/NH,hospitalsmedicalservices,NH,narayanahrudayalaya
https://www.moneycontrol.com/india/stockpricequote/pharmaceuticals/natcopharma/NP07,pharmaceuticals,NP07,natcopharma
https://www.moneycontrol.com/india/stockpricequote/diversified/navabharatventures/NBV,diversified,NBV,navabharatventures
https://www.moneycontrol.com/india/stockpricequote/chemicals/navinfluorineinternational/NFI,chemicals,NFI,navinfluorineinternational
https://www.moneycontrol.com/india/stockpricequote/printingstationery/navneeteducation/NP01,printingstationery,NP01,navneeteducation
https://www.moneycontrol.com/india/stockpricequote/infrastructuregeneral/nbccindia/NBC01,infrastructuregeneral,NBC01,nbccindia
https://www.moneycontrol.com/india/stockpricequote/constructioncontractingcivil/ncc/NCC01,constructioncontractingcivil,NCC01,ncc
https://www.moneycontrol.com/india/stockpricequote/diversified/nesco/NES,diversified,NES,nesco
https://www.moneycontrol.com/india/stockpricequote/foodprocessing/nestleindia/NI,foodprocessing,NI,nestleindia
https://www.moneycontrol.com/india/stockpricequote/mediaentertainment/network18mediainvestments/NMI,mediaentertainment,NMI,network18mediainvestments
https://www.moneycontrol.com/india/stockpricequote/miscellaneous/newindiaassurancecompany/NIA,miscellaneous,NIA,newindiaassurancecompany
https://www.moneycontrol.com/india/stockpricequote/powergenerationdistribution/nhpc/N07,powergenerationdistribution,N07,nhpc
https://www.moneycontrol.com/india/stockpricequote/computerssoftware/niittechnologies/NII02,computerssoftware,NII02,niittechnologies
https://www.moneycontrol.com/india/stockpricequote/plastics/nilkamal/NP08,plastics,NP08,nilkamal
https://www.moneycontrol.com/india/stockpricequote/miscellaneous/nipponlifeindiaassetmanagement/RNL,miscellaneous,RNL,nipponlifeindiaassetmanagement
https://www.moneycontrol.com/india/stockpricequote/powergenerationdistribution/nlcindia/NLC,powergenerationdistribution,NLC,nlcindia
https://www.moneycontrol.com/india/stockpricequote/miningminerals/nmdc/NMD02,miningminerals,NMD02,nmdc
https://www.moneycontrol.com/india/stockpricequote/petrochemicals/nocil/NOC02,petrochemicals,NOC02,nocil
https://www.moneycontrol.com/india/stockpricequote/powergenerationdistribution/ntpc/NTP,powergenerationdistribution,NTP,ntpc
https://www.moneycontrol.com/india/stockpricequote/constructioncontractingrealestate/oberoirealty/OR,constructioncontractingrealestate,OR,oberoirealty
https://www.moneycontrol.com/india/stockpricequote/oildrillingandexploration/oilindia/OI13,oildrillingandexploration,OI13,oilindia
https://www.moneycontrol.com/india/stockpricequote/constructioncontractingrealestate/omaxe/O02,constructioncontractingrealestate,O02,omaxe
https://www.moneycontrol.com/india/stockpricequote/oildrillingandexploration/oilnaturalgascorporation/ONG,oildrillingandexploration,ONG,oilnaturalgascorporation
https://www.moneycontrol.com/india/stockpricequote/computerssoftware/oraclefinancialservicessoftware/OFS01,computerssoftware,OFS01,oraclefinancialservicessoftware
https://www.moneycontrol.com/india/stockpricequote/cementmajor/orientcement/OC10,cementmajor,OC10,orientcement
https://www.moneycontrol.com/india/stockpricequote/cementproductsbuildingmaterials/orientrefractories/OR01,cementproductsbuildingmaterials,OR01,orientrefractories
https://www.moneycontrol.com/india/stockpricequote/personalcare/proctergamblehygienehealthcare/PGH,personalcare,PGH,proctergamblehygienehealthcare
https://www.moneycontrol.com/india/stockpricequote/textilesreadymadeapparels/pageindustries/PI35,textilesreadymadeapparels,PI35,pageindustries
https://www.moneycontrol.com/india/stockpricequote/foodprocessing/paragmilkfoods/PMF01,foodprocessing,PMF01,paragmilkfoods
https://www.moneycontrol.com/india/stockpricequote/diamondcuttingjewellerypreciousmetals/pcjeweller/PJ,diamondcuttingjewellerypreciousmetals,PJ,pcjeweller
https://www.moneycontrol.com/india/stockpricequote/computerssoftware/persistentsystems/PS15,computerssoftware,PS15,persistentsystems
https://www.moneycontrol.com/india/stockpricequote/oildrillingandexploration/petronetlng/PLN,oildrillingandexploration,PLN,petronetlng
https://www.moneycontrol.com/india/stockpricequote/pharmaceuticals/pfizer/P,pharmaceuticals,P,pfizer
https://www.moneycontrol.com/india/stockpricequote/chemicals/phillipscarbonblack/PCB01,chemicals,PCB01,phillipscarbonblack
https://www.moneycontrol.com/india/stockpricequote/constructioncontractingrealestate/phoenixmills/PM02,constructioncontractingrealestate,PM02,phoenixmills
https://www.moneycontrol.com/india/stockpricequote/pesticidesagrochemicals/piindustries/PII,pesticidesagrochemicals,PII,piindustries
https://www.moneycontrol.com/india/stockpricequote/chemicals/pidiliteindustries/PI11,chemicals,PI11,pidiliteindustries
https://www.moneycontrol.com/india/stockpricequote/pharmaceuticals/piramalenterprises/PH05,pharmaceuticals,PH05,piramalenterprises
https://www.moneycontrol.com/india/stockpricequote/bankspublicsector/punjabnationalbank/PNB05,bankspublicsector,PNB05,punjabnationalbank
https://www.moneycontrol.com/india/stockpricequote/financehousing/pnbhousingfinance/PHF,financehousing,PHF,pnbhousingfinance
https://www.moneycontrol.com/india/stockpricequote/constructioncontractingrealestate/pncinfratech/PI26,constructioncontractingrealestate,PI26,pncinfratech
https://www.moneycontrol.com/india/stockpricequote/cablespowerothers/polycabindia/PI44,cablespowerothers,PI44,polycabindia
https://www.moneycontrol.com/india/stockpricequote/financetermlendinginstitutions/powerfinancecorporation/PFC02,financetermlendinginstitutions,PFC02,powerfinancecorporation
https://www.moneycontrol.com/india/stockpricequote/powergenerationdistribution/powergridcorporationindia/PGC,powergenerationdistribution,PGC,powergridcorporationindia
https://www.moneycontrol.com/india/stockpricequote/constructioncontractingrealestate/prestigeestatesprojects/PEP02,constructioncontractingrealestate,PEP02,prestigeestatesprojects
https://www.moneycontrol.com/india/stockpricequote/cementmajor/prismjohnson/PC,cementmajor,PC,prismjohnson
https://www.moneycontrol.com/india/stockpricequote/pharmaceuticals/proctergamblehealth/M12,pharmaceuticals,M12,proctergamblehealth
https://www.moneycontrol.com/india/stockpricequote/trading/ptcindia/PTC02,trading,PTC02,ptcindia
https://www.moneycontrol.com/india/stockpricequote/mediaentertainment/pvr/PVR,mediaentertainment,PVR,pvr
https://www.moneycontrol.com/india/stockpricequote/engineering/quesscorp/QC,engineering,QC,quesscorp
https://www.moneycontrol.com/india/stockpricequote/breweriesdistilleries/radicokhaitan/RK01,breweriesdistilleries,RK01,radicokhaitan
https://www.moneycontrol.com/india/stockpricequote/miscellaneous/railvikasnigam/RVN,miscellaneous,RVN,railvikasnigam
https://www.moneycontrol.com/india/stockpricequote/cementmajor/rainindustries/RC12,cementmajor,RC12,rainindustries
https://www.moneycontrol.com/india/stockpricequote/diamondcuttingjewellerypreciousmetals/rajeshexports/RE07,diamondcuttingjewellerypreciousmetals,RE07,rajeshexports
https://www.moneycontrol.com/india/stockpricequote/pesticidesagrochemicals/rallisindia/RI03,pesticidesagrochemicals,RI03,rallisindia
https://www.moneycontrol.com/india/stockpricequote/cementmajor/theramcocements/MC,cementmajor,MC,theramcocements
https://www.moneycontrol.com/india/stockpricequote/fertilisers/rashtriyachemicalsfertilisers/RCF01,fertilisers,RCF01,rashtriyachemicalsfertilisers
https://www.moneycontrol.com/india/stockpricequote/steeltubespipes/ratnamanimetalstubes/RMT,steeltubespipes,RMT,ratnamanimetalstubes
https://www.moneycontrol.com/india/stockpricequote/textileswoollenworsted/raymond/R,textileswoollenworsted,R,raymond
https://www.moneycontrol.com/india/stockpricequote/banksprivatesector/rblbank/RB03,banksprivatesector,RB03,rblbank
https://www.moneycontrol.com/india/stockpricequote/financetermlendinginstitutions/rec/REC02,financetermlendinginstitutions,REC02,rec
https://www.moneycontrol.com/india/stockpricequote/computershardware/redingtonindia/RI37,computershardware,RI37,redingtonindia
https://www.moneycontrol.com/india/stockpricequote/financeinvestments/reliancecapital/RC,financeinvestments,RC,reliancecapital
https://www.moneycontrol.com/india/stockpricequote/leatherproducts/relaxofootwears/RF07,leatherproducts,RF07,relaxofootwears
https://www.moneycontrol.com/india/stockpricequote/refineries/relianceindustries/RI,refineries,RI,relianceindustries
https://www.moneycontrol.com/india/stockpricequote/powergenerationdistribution/relianceinfrastructure/RI38,powergenerationdistribution,RI38,relianceinfrastructure
https://www.moneycontrol.com/india/stockpricequote/powergenerationdistribution/reliancepower/RP,powergenerationdistribution,RP,reliancepower
https://www.moneycontrol.com/india/stockpricequote/financehousing/repcohomefinance/RHF,financehousing,RHF,repcohomefinance
https://www.moneycontrol.com/india/stockpricequote/constructioncontractingcivil/responsiveindustries/SH10,constructioncontractingcivil,SH10,responsiveindustries
https://www.moneycontrol.com/india/stockpricequote/diversified/rites/R02,diversified,R02,rites
https://www.moneycontrol.com/india/stockpricequote/chemicals/shkelkarcompany/KC17,chemicals,KC17,shkelkarcompany
https://www.moneycontrol.com/india/stockpricequote/infrastructuregeneral/sadbhavengineering/SE19,infrastructuregeneral,SE19,sadbhavengineering
https://www.moneycontrol.com/india/stockpricequote/steellarge/steelauthorityindia/SAI,steellarge,SAI,steelauthorityindia
https://www.moneycontrol.com/india/stockpricequote/pharmaceuticals/sanofiindia/AP26,pharmaceuticals,AP26,sanofiindia
https://www.moneycontrol.com/india/stockpricequote/bankspublicsector/statebankindia/SBI,bankspublicsector,SBI,statebankindia
https://www.moneycontrol.com/india/stockpricequote/diversified/sbilifeinsurancecompany/SLI03,diversified,SLI03,sbilifeinsurancecompany
https://www.moneycontrol.com/india/stockpricequote/bearings/schaefflerindia/FAG,bearings,FAG,schaefflerindia
https://www.moneycontrol.com/india/stockpricequote/powergenerationdistribution/schneiderelectricinfrastructure/SEI04,powergenerationdistribution,SEI04,schneiderelectricinfrastructure
https://www.moneycontrol.com/india/stockpricequote/miscellaneous/shankarabuildingproducts/SBP02,miscellaneous,SBP02,shankarabuildingproducts
https://www.moneycontrol.com/india/stockpricequote/miscellaneous/sheelafoam/SF14,miscellaneous,SF14,sheelafoam
https://www.moneycontrol.com/india/stockpricequote/pharmaceuticals/shilpamedicare/SM19,pharmaceuticals,SM19,shilpamedicare
https://www.moneycontrol.com/india/stockpricequote/shipping/shippingcorporationindia/SCI,shipping,SCI,shippingcorporationindia
https://www.moneycontrol.com/india/stockpricequote/retail/shoppersstop/SS51,retail,SS51,shoppersstop
https://www.moneycontrol.com/india/stockpricequote/cementmajor/shreecements/SC12,cementmajor,SC12,shreecements
https://www.moneycontrol.com/india/stockpricequote/financeleasinghirepurchase/shriramcityunionfinance/SCU,financeleasinghirepurchase,SCU,shriramcityunionfinance
https://www.moneycontrol.com/india/stockpricequote/financeleasinghirepurchase/shriramtransportfinancecorporation/STF,financeleasinghirepurchase,STF,shriramtransportfinancecorporation
https://www.moneycontrol.com/india/stockpricequote/infrastructuregeneral/siemens/S,infrastructuregeneral,S,siemens
https://www.moneycontrol.com/india/stockpricequote/miscellaneous/securityintelligenceservicesindia/SIS08,miscellaneous,SIS08,securityintelligenceservicesindia
https://www.moneycontrol.com/india/stockpricequote/powergenerationdistribution/sjvn/S11,powergenerationdistribution,S11,sjvn
https://www.moneycontrol.com/india/stockpricequote/bearings/skfindia/SKF01,bearings,SKF01,skfindia
https://www.moneycontrol.com/india/stockpricequote/constructioncontractingrealestate/sobha/SD6,constructioncontractingrealestate,SD6,sobha
https://www.moneycontrol.com/india/stockpricequote/chemicals/solarindustriesindia/SII04,chemicals,SII04,solarindustriesindia
https://www.moneycontrol.com/india/stockpricequote/ceramicsgranite/somanyceramics/SC49,ceramicsgranite,SC49,somanyceramics
https://www.moneycontrol.com/india/stockpricequote/computerssoftwaremediumsmall/sonatasoftware/SS42,computerssoftwaremediumsmall,SS42,sonatasoftware
https://www.moneycontrol.com/india/stockpricequote/banksprivatesector/southindianbank/SIB,banksprivatesector,SIB,southindianbank
https://www.moneycontrol.com/india/stockpricequote/transportlogistics/spicejet/SJ01,transportlogistics,SJ01,spicejet
https://www.moneycontrol.com/india/stockpricequote/diversified/srf/SRF,diversified,SRF,srf
https://www.moneycontrol.com/india/stockpricequote/cementmajor/starcement/SFC02,cementmajor,SFC02,starcement
https://www.moneycontrol.com/india/stockpricequote/cablestelephone/sterlitetechnologies/ST20,cablestelephone,ST20,sterlitetechnologies
https://www.moneycontrol.com/india/stockpricequote/pharmaceuticals/stridespharmascience/SA10,pharmaceuticals,SA10,stridespharmascience
https://www.moneycontrol.com/india/stockpricequote/dyespigments/sudarshanchemicalindustries/SCI08,dyespigments,SCI08,sudarshanchemicalindustries
https://www.moneycontrol.com/india/stockpricequote/pharmaceuticals/sunpharmaceuticalindustries/SPI,pharmaceuticals,SPI,sunpharmaceuticalindustries
https://www.moneycontrol.com/india/stockpricequote/pharmaceuticals/sunpharmaadvancedresearchcompany/SPA,pharmaceuticals,SPA,sunpharmaadvancedresearchcompany
https://www.moneycontrol.com/india/stockpricequote/mediaentertainment/suntvnetwork/STN01,mediaentertainment,STN01,suntvnetwork
https://www.moneycontrol.com/india/stockpricequote/fasteners/sundramfasteners/SF23,fasteners,SF23,sundramfasteners
https://www.moneycontrol.com/india/stockpricequote/constructioncontractingrealestate/sunteckrealty/SR05,constructioncontractingrealestate,SR05,sunteckrealty
https://www.moneycontrol.com/india/stockpricequote/autoancillaries/suprajitengineering/SE15,autoancillaries,SE15,suprajitengineering
https://www.moneycontrol.com/india/stockpricequote/plastics/supremeindustries/SI48,plastics,SI48,supremeindustries
https://www.moneycontrol.com/india/stockpricequote/powergenerationdistribution/suzlonenergy/SE17,powergenerationdistribution,SE17,suzlonenergy
https://www.moneycontrol.com/india/stockpricequote/trading/swanenergy/SM09,trading,SM09,swanenergy
https://www.moneycontrol.com/india/stockpricequote/consumergoodswhitegoods/symphony/SCS04,consumergoodswhitegoods,SCS04,symphony
https://www.moneycontrol.com/india/stockpricequote/miscellaneous/syngeneinternational/SI10,miscellaneous,SI10,syngeneinternational
https://www.moneycontrol.com/india/stockpricequote/paper/tamilnadunewsprintpapers/TNN,paper,TNN,tamilnadunewsprintpapers
https://www.moneycontrol.com/india/stockpricequote/plantationsteacoffee/tatacoffee/TC14,plantationsteacoffee,TC14,tatacoffee
https://www.moneycontrol.com/india/stockpricequote/plantationsteacoffee/tataconsumerproducts/TT,plantationsteacoffee,TT,tataconsumerproducts
https://www.moneycontrol.com/india/stockpricequote/computerssoftware/tataelxsi/TE,computerssoftware,TE,tataelxsi
https://www.moneycontrol.com/india/stockpricequote/financeinvestments/tatainvestmentcorporation/TIC,financeinvestments,TIC,tatainvestmentcorporation
https://www.moneycontrol.com/india/stockpricequote/steelpigiron/tatametaliks/TM,steelpigiron,TM,tatametaliks
https://www.moneycontrol.com/india/stockpricequote/autolcvshcvs/tatamotors/TM03,autolcvshcvs,TM03,tatamotors
https://www.moneycontrol.com/india/stockpricequote/powergenerationdistribution/tatapowercompany/TPC,powergenerationdistribution,TPC,tatapowercompany
https://www.moneycontrol.com/india/stockpricequote/steellarge/tatasteel/TIS,steellarge,TIS,tatasteel
https://www.moneycontrol.com/india/stockpricequote/textilesgeneral/tcnsclothingco/TCC,textilesgeneral,TCC,tcnsclothingco
https://www.moneycontrol.com/india/stockpricequote/computerssoftware/tataconsultancyservices/TCS,computerssoftware,TCS,tataconsultancyservices
https://www.moneycontrol.com/india/stockpricequote/miscellaneous/teamleaseservices/TS13,miscellaneous,TS13,teamleaseservices
https://www.moneycontrol.com/india/stockpricequote/computerssoftware/techmahindra/TM4,computerssoftware,TM4,techmahindra
https://www.moneycontrol.com/india/stockpricequote/telecommunicationsequipment/tejasnetworks/TN,telecommunicationsequipment,TN,tejasnetworks
https://www.moneycontrol.com/india/stockpricequote/infrastructuregeneral/thermax/T,infrastructuregeneral,T,thermax
https://www.moneycontrol.com/india/stockpricequote/hospitalsmedicalservices/thyrocaretechnologies/TT16,hospitalsmedicalservices,TT16,thyrocaretechnologies
https://www.moneycontrol.com/india/stockpricequote/packaging/timetechnoplast/TT03,packaging,TT03,timetechnoplast
https://www.moneycontrol.com/india/stockpricequote/bearings/timkenindia/TI23,bearings,TI23,timkenindia
https://www.moneycontrol.com/india/stockpricequote/miscellaneous/titancompany/TI01,miscellaneous,TI01,titancompany
https://www.moneycontrol.com/india/stockpricequote/miscellaneous/tatamotorsltddvr/TATAM57000,miscellaneous,TATAM57000,tatamotorsltddvr
https://www.moneycontrol.com/india/stockpricequote/pharmaceuticals/torrentpharmaceuticals/TP06,pharmaceuticals,TP06,torrentpharmaceuticals
https://www.moneycontrol.com/india/stockpricequote/powergenerationdistribution/torrentpower/TP14,powergenerationdistribution,TP14,torrentpower
https://www.moneycontrol.com/india/stockpricequote/retail/trent/T04,retail,T04,trent
https://www.moneycontrol.com/india/stockpricequote/textilesspinningcottonblended/trident/AI01,textilesspinningcottonblended,AI01,trident
https://www.moneycontrol.com/india/stockpricequote/domesticappliances/ttkprestige/TTK02,domesticappliances,TTK02,ttkprestige
https://www.moneycontrol.com/india/stockpricequote/mediaentertainment/tvtodaynetwork/TVT,mediaentertainment,TVT,tvtodaynetwork
https://www.moneycontrol.com/india/stockpricequote/mediaentertainment/tv18broadcast/IBN,mediaentertainment,IBN,tv18broadcast
https://www.moneycontrol.com/india/stockpricequote/auto23wheelers/tvsmotorcompany/TVS,auto23wheelers,TVS,tvsmotorcompany
https://www.moneycontrol.com/india/stockpricequote/tyres/tvssrichakra/TVS03,tyres,TVS03,tvssrichakra
https://www.moneycontrol.com/india/stockpricequote/bankspublicsector/ucobank/UCO,bankspublicsector,UCO,ucobank
https://www.moneycontrol.com/india/stockpricequote/packaging/uflex/U01,packaging,U01,uflex
https://www.moneycontrol.com/india/stockpricequote/financegeneral/ujjivanfinancialservices/UFS01,financegeneral,UFS01,ujjivanfinancialservices
https://www.moneycontrol.com/india/stockpricequote/cementmajor/ultratechcement/UTC01,cementmajor,UTC01,ultratechcement
https://www.moneycontrol.com/india/stockpricequote/bankspublicsector/unionbankindia/UBI01,bankspublicsector,UBI01,unionbankindia
https://www.moneycontrol.com/india/stockpricequote/breweriesdistilleries/unitedbreweries/UB02,breweriesdistilleries,UB02,unitedbreweries
https://www.moneycontrol.com/india/stockpricequote/chemicals/upl/UP04,chemicals,UP04,upl
https://www.moneycontrol.com/india/stockpricequote/electricequipment/vguardindustries/VI02,electricequipment,VI02,vguardindustries
https://www.moneycontrol.com/india/stockpricequote/retail/vmartretail/VR03,retail,VR03,vmartretail
https://www.moneycontrol.com/india/stockpricequote/infrastructuregeneral/vatechwabag/VTW,infrastructuregeneral,VTW,vatechwabag
https://www.moneycontrol.com/india/stockpricequote/retail/vaibhavglobal/VG02,retail,VG02,vaibhavglobal
https://www.moneycontrol.com/india/stockpricequote/textilesspinningcottonblended/vardhmantextiles/VT10,textilesspinningcottonblended,VT10,vardhmantextiles
https://www.moneycontrol.com/india/stockpricequote/engineeringheavy/varrocengineering/VE08,engineeringheavy,VE08,varrocengineering
https://www.moneycontrol.com/india/stockpricequote/foodprocessing/varunbeverages/VB05,foodprocessing,VB05,varunbeverages
https://www.moneycontrol.com/india/stockpricequote/miningminerals/vedanta/SG,miningminerals,SG,vedanta
https://www.moneycontrol.com/india/stockpricequote/miscellaneous/venkys/V03,miscellaneous,V03,venkys
https://www.moneycontrol.com/india/stockpricequote/chemicals/vinatiorganics/VO01,chemicals,VO01,vinatiorganics
https://www.moneycontrol.com/india/stockpricequote/plastics/vipindustries/VIP,plastics,VIP,vipindustries
https://www.moneycontrol.com/india/stockpricequote/telecommunicationsservice/vodafoneidealimited/IC8,telecommunicationsservice,IC8,vodafoneidealimited
https://www.moneycontrol.com/india/stockpricequote/diversified/voltas/V,diversified,V,voltas
https://www.moneycontrol.com/india/stockpricequote/transportlogistics/vrllogistics/VL03,transportlogistics,VL03,vrllogistics
https://www.moneycontrol.com/india/stockpricequote/cigarettes/vstindustries/VST,cigarettes,VST,vstindustries
https://www.moneycontrol.com/india/stockpricequote/autoancillaries/wabcoindia/WAB,autoancillaries,WAB,wabcoindia
https://www.moneycontrol.com/india/stockpricequote/steeltubespipes/welspuncorp/WGS,steeltubespipes,WGS,welspuncorp
https://www.moneycontrol.com/india/stockpricequote/textilesweaving/welspunindia/WI03,textilesweaving,WI03,welspunindia
https://www.moneycontrol.com/india/stockpricequote/hotels/westlifedevelopment/DIC,hotels,DIC,westlifedevelopment
https://www.moneycontrol.com/india/stockpricequote/consumergoodswhitegoods/whirlpoolindia/WI,consumergoodswhitegoods,WI,whirlpoolindia
https://www.moneycontrol.com/india/stockpricequote/computerssoftware/wipro/W,computerssoftware,W,wipro
https://www.moneycontrol.com/india/stockpricequote/pharmaceuticals/wockhardt/W05,pharmaceuticals,W05,wockhardt
https://www.moneycontrol.com/india/stockpricequote/mediaentertainment/zeeentertainmententerprises/ZEE,mediaentertainment,ZEE,zeeentertainmententerprises
https://www.moneycontrol.com/india/stockpricequote/computerssoftware/zensartechnologies/ZT02,computerssoftware,ZT02,zensartechnologies
https://www.moneycontrol.com/india/stockpricequote/vanaspatioils/zyduswellness/ZW01,vanaspatioils,ZW01,zyduswellness
